case_id,invariant,profile_id,resource_id,changed_skill,before_signal,after_signal,before_score,after_score,passed,component_changes,details
C0001,prerequisite_completion,P001,R002,sql,0.0,1.0,0.479358,0.609035,True,job_skill_alignment:0.000000>0.184211;prerequisite_match:0.000000>1.000000;content_similarity:0.353415>0.394317,Missing prerequisites added to completed topics.
C0002,prerequisite_completion,P001,R009,machine_learning,0.0,1.0,0.266039,0.386694,True,job_skill_alignment:0.000000>0.131579;prerequisite_match:0.000000>1.000000;content_similarity:0.107671>0.126030,Missing prerequisites added to completed topics.
C0003,prerequisite_completion,P001,R010,machine_learning,0.5,1.0,0.116642,0.16797,True,prerequisite_match:0.500000>1.000000;content_similarity:0.078303>0.104863,Missing prerequisites added to completed topics.
C0004,prerequisite_completion,P001,R011,apis;machine_learning,0.333333,1.0,0.132883,0.202428,True,prerequisite_match:0.333333>1.000000;content_similarity:0.063453>0.121037,Missing prerequisites added to completed topics.
C0005,prerequisite_completion,P001,R013,programming,0.0,1.0,0.155154,0.256683,True,prerequisite_match:0.000000>1.000000;content_similarity:0.074544>0.105126,Missing prerequisites added to completed topics.
C0006,prerequisite_completion,P001,R015,sql,0.0,1.0,0.371128,0.500555,True,job_skill_alignment:0.000000>0.184211;prerequisite_match:0.000000>1.000000;content_similarity:0.310022>0.345931,Missing prerequisites added to completed topics.
C0007,prerequisite_completion,P001,R016,programming,0.0,1.0,0.198795,0.299644,True,prerequisite_match:0.000000>1.000000;content_similarity:0.041373>0.058346,Missing prerequisites added to completed topics.
C0008,prerequisite_completion,P001,R026,sql,0.5,1.0,0.578024,0.65621,True,job_skill_alignment:0.184211>0.368421;prerequisite_match:0.500000>1.000000;content_similarity:0.503662>0.514755,Missing prerequisites added to completed topics.
C0009,prerequisite_completion,P001,R027,sql,0.0,1.0,0.505865,0.663283,True,job_skill_alignment:0.000000>0.368421;prerequisite_match:0.000000>1.000000;content_similarity:0.321094>0.364175,Missing prerequisites added to completed topics.
C0010,prerequisite_completion,P001,R033,sql,0.5,1.0,0.525859,0.591038,True,job_skill_alignment:0.092105>0.184211;prerequisite_match:0.500000>1.000000;content_similarity:0.403882>0.431156,Missing prerequisites added to completed topics.
C0011,prerequisite_completion,P001,R038,machine_learning,0.5,1.0,0.167244,0.218661,True,prerequisite_match:0.500000>1.000000;content_similarity:0.097590>0.125917,Missing prerequisites added to completed topics.
C0012,prerequisite_completion,P001,R039,machine_learning,0.5,1.0,0.179126,0.230061,True,prerequisite_match:0.500000>1.000000;content_similarity:0.107447>0.126161,Missing prerequisites added to completed topics.
C0013,prerequisite_completion,P001,R040,machine_learning,0.5,1.0,0.133126,0.184041,True,prerequisite_match:0.500000>1.000000;content_similarity:0.041756>0.060053,Missing prerequisites added to completed topics.
C0014,prerequisite_completion,P001,R041,machine_learning,0.0,1.0,0.110795,0.211722,True,prerequisite_match:0.000000>1.000000;content_similarity:0.076599>0.095133,Missing prerequisites added to completed topics.
C0015,prerequisite_completion,P001,R042,machine_learning,0.0,1.0,0.094258,0.195057,True,prerequisite_match:0.000000>1.000000;content_similarity:0.060620>0.076602,Missing prerequisites added to completed topics.
C0016,prerequisite_completion,P001,R045,machine_learning,0.5,1.0,0.119323,0.170526,True,prerequisite_match:0.500000>1.000000;content_similarity:0.070929>0.094989,Missing prerequisites added to completed topics.
C0017,prerequisite_completion,P001,R051,apis,0.0,1.0,0.123048,0.224703,True,prerequisite_match:0.000000>1.000000;content_similarity:0.005966>0.039054,Missing prerequisites added to completed topics.
C0018,prerequisite_completion,P001,R053,version_control,0.0,1.0,0.22349,0.32574,True,prerequisite_match:0.000000>1.000000;content_similarity:0.046369>0.091358,Missing prerequisites added to completed topics.
C0019,prerequisite_completion,P001,R054,oop,0.0,1.0,0.098611,0.201432,True,prerequisite_match:0.000000>1.000000;content_similarity:0.018678>0.075100,Missing prerequisites added to completed topics.
C0020,prerequisite_completion,P001,R055,programming;sql,0.0,1.0,0.297364,0.426193,True,job_skill_alignment:0.000000>0.184211;prerequisite_match:0.000000>1.000000;content_similarity:0.210865>0.234810,Missing prerequisites added to completed topics.
C0021,prerequisite_completion,P001,R056,programming,0.0,1.0,0.163981,0.265306,True,prerequisite_match:0.000000>1.000000;content_similarity:0.079314>0.105818,Missing prerequisites added to completed topics.
C0022,prerequisite_completion,P001,R057,programming,0.0,1.0,0.169196,0.270058,True,prerequisite_match:0.000000>1.000000;content_similarity:0.063849>0.081104,Missing prerequisites added to completed topics.
C0023,prerequisite_completion,P001,R058,programming,0.0,1.0,0.135311,0.235716,True,prerequisite_match:0.000000>1.000000;content_similarity:0.039457>0.047548,Missing prerequisites added to completed topics.
C0024,prerequisite_completion,P001,R060,machine_learning,0.5,1.0,0.244356,0.295082,True,prerequisite_match:0.500000>1.000000;content_similarity:0.068155>0.082673,Missing prerequisites added to completed topics.
C0025,prerequisite_completion,P001,R061,sql,0.0,1.0,0.480635,0.637622,True,job_skill_alignment:0.000000>0.368421;prerequisite_match:0.000000>1.000000;content_similarity:0.270026>0.304490,Missing prerequisites added to completed topics.
C0026,prerequisite_completion,P001,R062,sql,0.0,1.0,0.453306,0.582988,True,job_skill_alignment:0.000000>0.184211;prerequisite_match:0.000000>1.000000;content_similarity:0.298913>0.339909,Missing prerequisites added to completed topics.
C0027,prerequisite_completion,P001,R067,machine_learning,0.0,1.0,0.26452,0.385016,True,job_skill_alignment:0.000000>0.131579;prerequisite_match:0.000000>1.000000;content_similarity:0.083293>0.098460,Missing prerequisites added to completed topics.
C0028,prerequisite_completion,P001,R068,machine_learning,0.0,1.0,0.099748,0.200536,True,prerequisite_match:0.000000>1.000000;content_similarity:0.027427>0.043182,Missing prerequisites added to completed topics.
C0029,prerequisite_completion,P001,R069,apis;machine_learning,0.333333,1.0,0.133122,0.201547,True,prerequisite_match:0.333333>1.000000;content_similarity:0.055237>0.090409,Missing prerequisites added to completed topics.
C0030,prerequisite_completion,P001,R071,programming,0.0,1.0,0.153669,0.254505,True,prerequisite_match:0.000000>1.000000;content_similarity:0.034850>0.051576,Missing prerequisites added to completed topics.
C0031,prerequisite_completion,P001,R072,programming;sql,0.0,1.0,0.305093,0.434062,True,job_skill_alignment:0.000000>0.184211;prerequisite_match:0.000000>1.000000;content_similarity:0.227445>0.254188,Missing prerequisites added to completed topics.
C0032,prerequisite_completion,P001,R073,programming,0.0,1.0,0.151093,0.251844,True,prerequisite_match:0.000000>1.000000;content_similarity:0.031318>0.046350,Missing prerequisites added to completed topics.
C0033,prerequisite_completion,P001,R074,programming,0.0,1.0,0.152929,0.254082,True,prerequisite_match:0.000000>1.000000;content_similarity:0.048045>0.071105,Missing prerequisites added to completed topics.
C0034,prerequisite_completion,P001,R075,sql,0.5,1.0,0.579498,0.65787,True,job_skill_alignment:0.184211>0.368421;prerequisite_match:0.500000>1.000000;content_similarity:0.320672>0.335475,Missing prerequisites added to completed topics.
C0035,prerequisite_completion,P001,R091,sql,0.0,1.0,0.52849,0.724495,True,job_skill_alignment:0.000000>0.631579;prerequisite_match:0.000000>1.000000;content_similarity:0.298670>0.324027,Missing prerequisites added to completed topics.
C0036,prerequisite_completion,P001,R092,data_visualisation,0.0,1.0,0.527604,0.683519,True,job_skill_alignment:0.000000>0.368421;prerequisite_match:0.000000>1.000000;content_similarity:0.194567>0.207602,Missing prerequisites added to completed topics.
C0037,prerequisite_completion,P001,R093,machine_learning,0.5,1.0,0.321031,0.371708,True,prerequisite_match:0.500000>1.000000;content_similarity:0.094124>0.107666,Missing prerequisites added to completed topics.
C0038,prerequisite_completion,P001,R094,apis;machine_learning,0.333333,1.0,0.133624,0.201955,True,prerequisite_match:0.333333>1.000000;content_similarity:0.052279>0.085568,Missing prerequisites added to completed topics.
C0039,prerequisite_completion,P001,R095,apis;programming,0.0,1.0,0.175057,0.276679,True,prerequisite_match:0.000000>1.000000;content_similarity:0.053076>0.085522,Missing prerequisites added to completed topics.
C0040,skill_improvement,P001,R061,sql,0.148936,0.0,0.480635,0.534407,False,skill_gap_match:0.148936>0.000000;prerequisite_match:0.000000>1.000000;content_similarity:0.270026>0.090140,Skill raised to pathway requirement and weak flag removed.
C0041,skill_improvement,P001,R007,statistics,0.106383,0.0,0.605455,0.53254,True,skill_gap_match:0.106383>0.000000;job_skill_alignment:0.263158>0.000000;content_similarity:0.202710>0.065796,Skill raised to pathway requirement and weak flag removed.
C0042,skill_improvement,P001,R065,statistics,0.106383,0.0,0.601456,0.529812,True,skill_gap_match:0.106383>0.000000;job_skill_alignment:0.263158>0.000000;content_similarity:0.151729>0.040247,Skill raised to pathway requirement and weak flag removed.
C0043,preferred_difficulty,P001,R002,2,0.5,1.0,0.479358,0.529358,True,difficulty_match:0.500000>1.000000,Preference moved exactly to the resource difficulty.
C0044,preferred_difficulty,P001,R006,2,0.5,1.0,0.586639,0.664271,True,job_skill_alignment:0.184211>0.368421;difficulty_match:0.500000>1.000000,Preference moved exactly to the resource difficulty.
C0045,preferred_difficulty,P001,R008,2,0.5,1.0,0.32702,0.37702,True,difficulty_match:0.500000>1.000000,Preference moved exactly to the resource difficulty.
C0046,preferred_difficulty,P001,R009,2,0.5,1.0,0.266039,0.316039,True,difficulty_match:0.500000>1.000000,Preference moved exactly to the resource difficulty.
C0047,preferred_difficulty,P001,R010,3,0.0,1.0,0.116642,0.216642,True,difficulty_match:0.000000>1.000000,Preference moved exactly to the resource difficulty.
C0048,preferred_difficulty,P001,R011,3,0.0,1.0,0.132883,0.232883,True,difficulty_match:0.000000>1.000000,Preference moved exactly to the resource difficulty.
C0049,preferred_difficulty,P001,R013,2,0.5,1.0,0.155154,0.205154,True,difficulty_match:0.500000>1.000000,Preference moved exactly to the resource difficulty.
C0050,preferred_difficulty,P001,R014,2,0.5,1.0,0.262654,0.312654,True,difficulty_match:0.500000>1.000000,Preference moved exactly to the resource difficulty.
C0051,preferred_difficulty,P001,R015,2,0.5,1.0,0.371128,0.421128,True,difficulty_match:0.500000>1.000000,Preference moved exactly to the resource difficulty.
C0052,preferred_difficulty,P001,R017,2,0.5,1.0,0.605265,0.682896,True,job_skill_alignment:0.184211>0.368421;difficulty_match:0.500000>1.000000,Preference moved exactly to the resource difficulty.
C0053,preferred_difficulty,P001,R023,2,0.5,1.0,0.372147,0.422147,True,difficulty_match:0.500000>1.000000,Preference moved exactly to the resource difficulty.
C0054,preferred_difficulty,P001,R026,2,0.5,1.0,0.578024,0.655656,True,job_skill_alignment:0.184211>0.368421;difficulty_match:0.500000>1.000000,Preference moved exactly to the resource difficulty.
C0055,preferred_difficulty,P001,R029,2,0.5,1.0,0.638894,0.736262,True,job_skill_alignment:0.315789>0.631579;difficulty_match:0.500000>1.000000,Preference moved exactly to the resource difficulty.
C0056,preferred_difficulty,P001,R031,2,0.5,1.0,0.601081,0.69845,True,job_skill_alignment:0.315789>0.631579;difficulty_match:0.500000>1.000000,Preference moved exactly to the resource difficulty.
C0057,preferred_difficulty,P001,R033,2,0.5,1.0,0.525859,0.589675,True,job_skill_alignment:0.092105>0.184211;difficulty_match:0.500000>1.000000,Preference moved exactly to the resource difficulty.
C0058,preferred_difficulty,P001,R035,2,0.5,1.0,0.509694,0.607063,True,job_skill_alignment:0.315789>0.631579;difficulty_match:0.500000>1.000000,Preference moved exactly to the resource difficulty.
C0059,preferred_difficulty,P001,R036,2,0.5,1.0,0.356883,0.406883,True,difficulty_match:0.500000>1.000000,Preference moved exactly to the resource difficulty.
C0060,preferred_difficulty,P001,R037,2,0.5,1.0,0.267469,0.317469,True,difficulty_match:0.500000>1.000000,Preference moved exactly to the resource difficulty.
C0061,preferred_difficulty,P001,R038,3,0.0,1.0,0.167244,0.267244,True,difficulty_match:0.000000>1.000000,Preference moved exactly to the resource difficulty.
C0062,preferred_difficulty,P001,R039,3,0.0,1.0,0.179126,0.279126,True,difficulty_match:0.000000>1.000000,Preference moved exactly to the resource difficulty.
C0063,preferred_difficulty,P001,R040,3,0.0,1.0,0.133126,0.233126,True,difficulty_match:0.000000>1.000000,Preference moved exactly to the resource difficulty.
C0064,preferred_difficulty,P001,R041,3,0.0,1.0,0.110795,0.210795,True,difficulty_match:0.000000>1.000000,Preference moved exactly to the resource difficulty.
C0065,preferred_difficulty,P001,R042,3,0.0,1.0,0.094258,0.194258,True,difficulty_match:0.000000>1.000000,Preference moved exactly to the resource difficulty.
C0066,preferred_difficulty,P001,R043,2,0.5,1.0,0.250668,0.300668,True,difficulty_match:0.500000>1.000000,Preference moved exactly to the resource difficulty.
C0067,preferred_difficulty,P001,R044,2,0.5,1.0,0.396645,0.466382,True,job_skill_alignment:0.131579>0.263158;difficulty_match:0.500000>1.000000,Preference moved exactly to the resource difficulty.
C0068,preferred_difficulty,P001,R045,3,0.0,1.0,0.119323,0.219323,True,difficulty_match:0.000000>1.000000,Preference moved exactly to the resource difficulty.
C0069,preferred_difficulty,P001,R046,2,0.5,1.0,0.266493,0.316493,True,difficulty_match:0.500000>1.000000,Preference moved exactly to the resource difficulty.
C0070,preferred_difficulty,P001,R050,2,0.5,1.0,0.287832,0.337832,True,difficulty_match:0.500000>1.000000,Preference moved exactly to the resource difficulty.
C0071,preferred_difficulty,P001,R051,2,0.5,1.0,0.123048,0.173048,True,difficulty_match:0.500000>1.000000,Preference moved exactly to the resource difficulty.
C0072,preferred_difficulty,P001,R053,2,0.5,1.0,0.22349,0.27349,True,difficulty_match:0.500000>1.000000,Preference moved exactly to the resource difficulty.
C0073,preferred_difficulty,P001,R054,3,0.0,1.0,0.098611,0.198611,True,difficulty_match:0.000000>1.000000,Preference moved exactly to the resource difficulty.
C0074,preferred_difficulty,P001,R055,2,0.5,1.0,0.297364,0.347364,True,difficulty_match:0.500000>1.000000,Preference moved exactly to the resource difficulty.
C0075,preferred_difficulty,P001,R056,2,0.5,1.0,0.163981,0.213981,True,difficulty_match:0.500000>1.000000,Preference moved exactly to the resource difficulty.
C0076,preferred_difficulty,P001,R057,2,0.5,1.0,0.169196,0.219196,True,difficulty_match:0.500000>1.000000,Preference moved exactly to the resource difficulty.
C0077,preferred_difficulty,P001,R058,2,0.5,1.0,0.135311,0.185311,True,difficulty_match:0.500000>1.000000,Preference moved exactly to the resource difficulty.
C0078,preferred_difficulty,P001,R060,3,0.0,1.0,0.244356,0.344356,True,difficulty_match:0.000000>1.000000,Preference moved exactly to the resource difficulty.
C0079,preferred_difficulty,P001,R062,2,0.5,1.0,0.453306,0.503306,True,difficulty_match:0.500000>1.000000,Preference moved exactly to the resource difficulty.
C0080,preferred_difficulty,P001,R063,2,0.5,1.0,0.51703,0.56703,True,difficulty_match:0.500000>1.000000,Preference moved exactly to the resource difficulty.
C0081,preferred_difficulty,P001,R066,2,0.5,1.0,0.352922,0.402922,True,difficulty_match:0.500000>1.000000,Preference moved exactly to the resource difficulty.
C0082,preferred_difficulty,P001,R067,2,0.5,1.0,0.26452,0.31452,True,difficulty_match:0.500000>1.000000,Preference moved exactly to the resource difficulty.
C0083,preferred_difficulty,P001,R068,3,0.0,1.0,0.099748,0.199748,True,difficulty_match:0.000000>1.000000,Preference moved exactly to the resource difficulty.
C0084,preferred_difficulty,P001,R069,3,0.0,1.0,0.133122,0.233122,True,difficulty_match:0.000000>1.000000,Preference moved exactly to the resource difficulty.
C0085,preferred_difficulty,P001,R071,2,0.5,1.0,0.153669,0.203669,True,difficulty_match:0.500000>1.000000,Preference moved exactly to the resource difficulty.
C0086,preferred_difficulty,P001,R072,2,0.5,1.0,0.305093,0.355093,True,difficulty_match:0.500000>1.000000,Preference moved exactly to the resource difficulty.
C0087,preferred_difficulty,P001,R073,2,0.5,1.0,0.151093,0.201093,True,difficulty_match:0.500000>1.000000,Preference moved exactly to the resource difficulty.
C0088,preferred_difficulty,P001,R074,2,0.5,1.0,0.152929,0.202929,True,difficulty_match:0.500000>1.000000,Preference moved exactly to the resource difficulty.
C0089,preferred_difficulty,P001,R075,2,0.5,1.0,0.579498,0.65713,True,job_skill_alignment:0.184211>0.368421;difficulty_match:0.500000>1.000000,Preference moved exactly to the resource difficulty.
C0090,preferred_difficulty,P001,R093,2,0.5,1.0,0.321031,0.371031,True,difficulty_match:0.500000>1.000000,Preference moved exactly to the resource difficulty.
C0091,preferred_difficulty,P001,R094,3,0.0,1.0,0.133624,0.233624,True,difficulty_match:0.000000>1.000000,Preference moved exactly to the resource difficulty.
C0092,preferred_difficulty,P001,R095,2,0.5,1.0,0.175057,0.225057,True,difficulty_match:0.500000>1.000000,Preference moved exactly to the resource difficulty.
C0093,weakness_removal,P001,R004,data_visualisation,0.368421,0.0,0.66483,0.604583,True,skill_gap_match:0.276596>0.260870;job_skill_alignment:0.368421>0.000000;content_similarity:0.224355>0.203308,The resource's only declared-weak overlap was removed.
C0094,weakness_removal,P001,R006,data_visualisation,0.184211,0.0,0.586639,0.554804,True,skill_gap_match:0.276596>0.260870;job_skill_alignment:0.184211>0.000000;content_similarity:0.204173>0.198732,The resource's only declared-weak overlap was removed.
C0095,weakness_removal,P001,R017,data_visualisation,0.184211,0.0,0.605265,0.573196,True,skill_gap_match:0.319149>0.304348;job_skill_alignment:0.184211>0.000000;content_similarity:0.352921>0.338180,The resource's only declared-weak overlap was removed.
C0096,weakness_removal,P001,R024,data_visualisation,0.368421,0.0,0.656698,0.597256,True,skill_gap_match:0.276596>0.260870;job_skill_alignment:0.368421>0.000000;content_similarity:0.225721>0.220769,The resource's only declared-weak overlap was removed.
C0097,weakness_removal,P001,R028,data_visualisation,0.368421,0.0,0.685857,0.626867,True,skill_gap_match:0.361702>0.347826;job_skill_alignment:0.368421>0.000000;content_similarity:0.198360>0.193201,The resource's only declared-weak overlap was removed.
C0098,weakness_removal,P001,R032,data_visualisation,0.368421,0.0,0.665494,0.605305,True,skill_gap_match:0.276596>0.260870;job_skill_alignment:0.368421>0.000000;content_similarity:0.291646>0.271754,The resource's only declared-weak overlap was removed.
C0099,weakness_removal,P001,R064,data_visualisation,0.368421,0.0,0.65725,0.597759,True,skill_gap_match:0.276596>0.260870;job_skill_alignment:0.368421>0.000000;content_similarity:0.133760>0.127825,The resource's only declared-weak overlap was removed.
C0100,weakness_removal,P001,R092,data_visualisation,0.0,0.0,0.527604,0.523364,True,skill_gap_match:0.361702>0.347826;content_similarity:0.194567>0.179142,The resource's only declared-weak overlap was removed.
C0101,weakness_removal,P001,R001,sql,0.368421,0.0,0.667449,0.605987,True,skill_gap_match:0.234043>0.217391;job_skill_alignment:0.368421>0.000000;content_similarity:0.327505>0.286785,The resource's only declared-weak overlap was removed.
C0102,weakness_removal,P001,R002,sql,0.0,0.0,0.479358,0.473334,True,skill_gap_match:0.319149>0.304348;content_similarity:0.353415>0.306948,The resource's only declared-weak overlap was removed.
C0103,weakness_removal,P001,R015,sql,0.0,0.0,0.371128,0.364926,True,skill_gap_match:0.234043>0.217391;content_similarity:0.310022>0.269229,The resource's only declared-weak overlap was removed.
C0104,weakness_removal,P001,R027,sql,0.0,0.0,0.505865,0.499272,True,skill_gap_match:0.234043>0.217391;content_similarity:0.321094>0.272484,The resource's only declared-weak overlap was removed.
C0105,weakness_removal,P001,R033,sql,0.092105,0.0,0.525859,0.506508,True,skill_gap_match:0.276596>0.260870;job_skill_alignment:0.092105>0.000000;content_similarity:0.403882>0.371809,The resource's only declared-weak overlap was removed.
C0106,weakness_removal,P001,R034,sql,0.368421,0.0,0.573458,0.513073,True,skill_gap_match:0.234043>0.217391;job_skill_alignment:0.368421>0.000000;content_similarity:0.211354>0.192161,The resource's only declared-weak overlap was removed.
C0107,weakness_removal,P001,R055,sql,0.0,0.0,0.297364,0.292932,True,skill_gap_match:0.319149>0.304348;content_similarity:0.210865>0.196236,The resource's only declared-weak overlap was removed.
C0108,weakness_removal,P001,R061,sql,0.0,0.0,0.480635,0.474061,True,skill_gap_match:0.148936>0.130435;content_similarity:0.270026>0.231053,The resource's only declared-weak overlap was removed.
C0109,weakness_removal,P001,R062,sql,0.0,0.0,0.453306,0.446833,True,skill_gap_match:0.234043>0.217391;content_similarity:0.298913>0.252698,The resource's only declared-weak overlap was removed.
C0110,weakness_removal,P001,R072,sql,0.0,0.0,0.305093,0.300574,True,skill_gap_match:0.319149>0.304348;content_similarity:0.227445>0.211079,The resource's only declared-weak overlap was removed.
C0111,weakness_removal,P001,R007,statistics,0.263158,0.0,0.605455,0.558991,True,skill_gap_match:0.106383>0.086957;job_skill_alignment:0.263158>0.000000;content_similarity:0.202710>0.160039,The resource's only declared-weak overlap was removed.
C0112,weakness_removal,P001,R009,statistics,0.0,0.0,0.266039,0.261092,True,skill_gap_match:0.191489>0.173913;content_similarity:0.107671>0.096598,The resource's only declared-weak overlap was removed.
C0113,weakness_removal,P001,R044,statistics,0.131579,0.0,0.396645,0.371856,True,skill_gap_match:0.234043>0.217391;job_skill_alignment:0.131579>0.000000;content_similarity:0.151293>0.133494,The resource's only declared-weak overlap was removed.
C0114,weakness_removal,P001,R065,statistics,0.263158,0.0,0.601456,0.555383,True,skill_gap_match:0.106383>0.086957;job_skill_alignment:0.263158>0.000000;content_similarity:0.151729>0.116885,The resource's only declared-weak overlap was removed.
C0115,weakness_removal,P001,R067,statistics,0.0,0.0,0.26452,0.259663,True,skill_gap_match:0.191489>0.173913;content_similarity:0.083293>0.074024,The resource's only declared-weak overlap was removed.
C0116,irrelevant_completed_topic,P001,,counterfactual_irrelevant_topic,,,,,True,,"Top-ten recommendations, scores, and explanations compared exactly."
C0117,prerequisite_completion,P002,R002,sql,0.0,1.0,0.315543,0.418236,True,prerequisite_match:0.000000>1.000000;content_similarity:0.158743>0.212599,Missing prerequisites added to completed topics.
C0118,prerequisite_completion,P002,R011,apis,0.666667,1.0,0.56851,0.619282,True,job_skill_alignment:0.210526>0.315789;prerequisite_match:0.666667>1.000000;content_similarity:0.377860>0.410849,Missing prerequisites added to completed topics.
C0119,prerequisite_completion,P002,R013,programming,0.0,1.0,0.315621,0.417024,True,prerequisite_match:0.000000>1.000000;content_similarity:0.195296>0.223352,Missing prerequisites added to completed topics.
C0120,prerequisite_completion,P002,R015,sql,0.0,1.0,0.295922,0.39829,True,prerequisite_match:0.000000>1.000000;content_similarity:0.134298>0.181668,Missing prerequisites added to completed topics.
C0121,prerequisite_completion,P002,R016,programming,0.0,1.0,0.259463,0.360186,True,prerequisite_match:0.000000>1.000000;content_similarity:0.166128>0.180602,Missing prerequisites added to completed topics.
C0122,prerequisite_completion,P002,R026,sql,0.5,1.0,0.330453,0.38193,True,prerequisite_match:0.500000>1.000000;content_similarity:0.143926>0.173480,Missing prerequisites added to completed topics.
C0123,prerequisite_completion,P002,R027,sql,0.0,1.0,0.24684,0.349601,True,prerequisite_match:0.000000>1.000000;content_similarity:0.135668>0.190882,Missing prerequisites added to completed topics.
C0124,prerequisite_completion,P002,R033,sql,0.5,1.0,0.443167,0.495193,True,prerequisite_match:0.500000>1.000000;content_similarity:0.228550>0.269066,Missing prerequisites added to completed topics.
C0125,prerequisite_completion,P002,R051,apis,0.0,1.0,0.299394,0.400819,True,prerequisite_match:0.000000>1.000000;content_similarity:0.188246>0.216738,Missing prerequisites added to completed topics.
C0126,prerequisite_completion,P002,R053,version_control,0.0,1.0,0.3837,0.485838,True,prerequisite_match:0.000000>1.000000;content_similarity:0.118693>0.161464,Missing prerequisites added to completed topics.
C0127,prerequisite_completion,P002,R054,oop,0.0,1.0,0.277171,0.37966,True,prerequisite_match:0.000000>1.000000;content_similarity:0.162305>0.212085,Missing prerequisites added to completed topics.
C0128,prerequisite_completion,P002,R055,programming;sql,0.0,1.0,0.332691,0.434191,True,prerequisite_match:0.000000>1.000000;content_similarity:0.157221>0.187221,Missing prerequisites added to completed topics.
C0129,prerequisite_completion,P002,R056,programming,0.0,1.0,0.349337,0.450503,True,prerequisite_match:0.000000>1.000000;content_similarity:0.232659>0.255966,Missing prerequisites added to completed topics.
C0130,prerequisite_completion,P002,R057,programming,0.0,1.0,0.332825,0.433579,True,prerequisite_match:0.000000>1.000000;content_similarity:0.164905>0.179988,Missing prerequisites added to completed topics.
C0131,prerequisite_completion,P002,R058,programming,0.0,1.0,0.418026,0.573436,True,job_skill_alignment:0.000000>0.368421;prerequisite_match:0.000000>1.000000;content_similarity:0.302008>0.304941,Missing prerequisites added to completed topics.
C0132,prerequisite_completion,P002,R061,sql,0.0,1.0,0.234955,0.337203,True,prerequisite_match:0.000000>1.000000;content_similarity:0.095447>0.140414,Missing prerequisites added to completed topics.
C0133,prerequisite_completion,P002,R062,sql,0.0,1.0,0.294771,0.39739,True,prerequisite_match:0.000000>1.000000;content_similarity:0.123283>0.175662,Missing prerequisites added to completed topics.
C0134,prerequisite_completion,P002,R069,apis,0.666667,1.0,0.569265,0.618947,True,job_skill_alignment:0.210526>0.315789;prerequisite_match:0.666667>1.000000;content_similarity:0.379969>0.391147,Missing prerequisites added to completed topics.
C0135,prerequisite_completion,P002,R071,programming,0.0,1.0,0.312229,0.412982,True,prerequisite_match:0.000000>1.000000;content_similarity:0.117457>0.132519,Missing prerequisites added to completed topics.
C0136,prerequisite_completion,P002,R072,programming;sql,0.0,1.0,0.32163,0.423355,True,prerequisite_match:0.000000>1.000000;content_similarity:0.136977>0.171488,Missing prerequisites added to completed topics.
C0137,prerequisite_completion,P002,R073,programming,0.0,1.0,0.329418,0.430033,True,prerequisite_match:0.000000>1.000000;content_similarity:0.170245>0.182552,Missing prerequisites added to completed topics.
C0138,prerequisite_completion,P002,R074,programming,0.0,1.0,0.31298,0.41402,True,prerequisite_match:0.000000>1.000000;content_similarity:0.160475>0.181269,Missing prerequisites added to completed topics.
C0139,prerequisite_completion,P002,R075,sql,0.5,1.0,0.379523,0.430809,True,prerequisite_match:0.500000>1.000000;content_similarity:0.148356>0.174080,Missing prerequisites added to completed topics.
C0140,prerequisite_completion,P002,R091,sql,0.0,1.0,0.260576,0.362382,True,prerequisite_match:0.000000>1.000000;content_similarity:0.128402>0.164509,Missing prerequisites added to completed topics.
C0141,prerequisite_completion,P002,R092,data_visualisation,0.0,1.0,0.164743,0.265768,True,prerequisite_match:0.000000>1.000000;content_similarity:0.067890>0.088393,Missing prerequisites added to completed topics.
C0142,prerequisite_completion,P002,R094,apis,0.666667,1.0,0.562799,0.612591,True,job_skill_alignment:0.210526>0.315789;prerequisite_match:0.666667>1.000000;content_similarity:0.237645>0.251036,Missing prerequisites added to completed topics.
C0143,prerequisite_completion,P002,R095,apis;programming,0.0,1.0,0.337834,0.439199,True,prerequisite_match:0.000000>1.000000;content_similarity:0.137079>0.164372,Missing prerequisites added to completed topics.
C0144,preferred_difficulty,P002,R001,1,0.5,1.0,0.361676,0.411676,True,difficulty_match:0.500000>1.000000,Preference moved exactly to the resource difficulty.
C0145,preferred_difficulty,P002,R003,1,0.5,1.0,0.253007,0.303007,True,difficulty_match:0.500000>1.000000,Preference moved exactly to the resource difficulty.
C0146,preferred_difficulty,P002,R004,1,0.5,1.0,0.249361,0.299361,True,difficulty_match:0.500000>1.000000,Preference moved exactly to the resource difficulty.
C0147,preferred_difficulty,P002,R005,1,0.5,1.0,0.443951,0.493951,True,difficulty_match:0.500000>1.000000,Preference moved exactly to the resource difficulty.
C0148,preferred_difficulty,P002,R007,1,0.5,1.0,0.411794,0.461794,True,difficulty_match:0.500000>1.000000,Preference moved exactly to the resource difficulty.
C0149,preferred_difficulty,P002,R010,3,0.5,1.0,0.498965,0.568702,True,job_skill_alignment:0.131579>0.263158;difficulty_match:0.500000>1.000000,Preference moved exactly to the resource difficulty.
C0150,preferred_difficulty,P002,R011,3,0.5,1.0,0.56851,0.650089,True,job_skill_alignment:0.210526>0.421053;difficulty_match:0.500000>1.000000,Preference moved exactly to the resource difficulty.
C0151,preferred_difficulty,P002,R012,1,0.5,1.0,0.420421,0.470421,True,difficulty_match:0.500000>1.000000,Preference moved exactly to the resource difficulty.
C0152,preferred_difficulty,P002,R016,1,0.5,1.0,0.259463,0.309463,True,difficulty_match:0.500000>1.000000,Preference moved exactly to the resource difficulty.
C0153,preferred_difficulty,P002,R021,1,0.5,1.0,0.321723,0.371723,True,difficulty_match:0.500000>1.000000,Preference moved exactly to the resource difficulty.
C0154,preferred_difficulty,P002,R022,1,0.5,1.0,0.364822,0.414822,True,difficulty_match:0.500000>1.000000,Preference moved exactly to the resource difficulty.
C0155,preferred_difficulty,P002,R024,1,0.5,1.0,0.239867,0.289867,True,difficulty_match:0.500000>1.000000,Preference moved exactly to the resource difficulty.
C0156,preferred_difficulty,P002,R025,1,0.5,1.0,0.293843,0.343843,True,difficulty_match:0.500000>1.000000,Preference moved exactly to the resource difficulty.
C0157,preferred_difficulty,P002,R027,1,0.5,1.0,0.24684,0.29684,True,difficulty_match:0.500000>1.000000,Preference moved exactly to the resource difficulty.
C0158,preferred_difficulty,P002,R028,1,0.5,1.0,0.266969,0.316969,True,difficulty_match:0.500000>1.000000,Preference moved exactly to the resource difficulty.
C0159,preferred_difficulty,P002,R030,1,0.5,1.0,0.434974,0.484974,True,difficulty_match:0.500000>1.000000,Preference moved exactly to the resource difficulty.
C0160,preferred_difficulty,P002,R032,1,0.5,1.0,0.246816,0.296816,True,difficulty_match:0.500000>1.000000,Preference moved exactly to the resource difficulty.
C0161,preferred_difficulty,P002,R034,1,0.5,1.0,0.345894,0.395894,True,difficulty_match:0.500000>1.000000,Preference moved exactly to the resource difficulty.
C0162,preferred_difficulty,P002,R038,3,0.5,1.0,0.664469,0.789469,True,job_skill_alignment:0.500000>1.000000;difficulty_match:0.500000>1.000000,Preference moved exactly to the resource difficulty.
C0163,preferred_difficulty,P002,R039,3,0.5,1.0,0.682253,0.807253,True,job_skill_alignment:0.500000>1.000000;difficulty_match:0.500000>1.000000,Preference moved exactly to the resource difficulty.
C0164,preferred_difficulty,P002,R040,3,0.5,1.0,0.603649,0.701017,True,job_skill_alignment:0.315789>0.631579;difficulty_match:0.500000>1.000000,Preference moved exactly to the resource difficulty.
C0165,preferred_difficulty,P002,R041,3,0.5,1.0,0.656469,0.781469,True,job_skill_alignment:0.500000>1.000000;difficulty_match:0.500000>1.000000,Preference moved exactly to the resource difficulty.
C0166,preferred_difficulty,P002,R042,3,0.5,1.0,0.638628,0.763628,True,job_skill_alignment:0.500000>1.000000;difficulty_match:0.500000>1.000000,Preference moved exactly to the resource difficulty.
C0167,preferred_difficulty,P002,R045,3,0.5,1.0,0.50125,0.570987,True,job_skill_alignment:0.131579>0.263158;difficulty_match:0.500000>1.000000,Preference moved exactly to the resource difficulty.
C0168,preferred_difficulty,P002,R052,1,0.5,1.0,0.365604,0.415604,True,difficulty_match:0.500000>1.000000,Preference moved exactly to the resource difficulty.
C0169,preferred_difficulty,P002,R054,3,0.5,1.0,0.277171,0.327171,True,difficulty_match:0.500000>1.000000,Preference moved exactly to the resource difficulty.
C0170,preferred_difficulty,P002,R060,3,0.5,1.0,0.590301,0.687669,True,job_skill_alignment:0.315789>0.631579;difficulty_match:0.500000>1.000000,Preference moved exactly to the resource difficulty.
C0171,preferred_difficulty,P002,R061,1,0.5,1.0,0.234955,0.284955,True,difficulty_match:0.500000>1.000000,Preference moved exactly to the resource difficulty.
C0172,preferred_difficulty,P002,R064,1,0.5,1.0,0.244178,0.294178,True,difficulty_match:0.500000>1.000000,Preference moved exactly to the resource difficulty.
C0173,preferred_difficulty,P002,R065,1,0.5,1.0,0.408697,0.458697,True,difficulty_match:0.500000>1.000000,Preference moved exactly to the resource difficulty.
C0174,preferred_difficulty,P002,R068,3,0.5,1.0,0.648446,0.773446,True,job_skill_alignment:0.500000>1.000000;difficulty_match:0.500000>1.000000,Preference moved exactly to the resource difficulty.
C0175,preferred_difficulty,P002,R069,3,0.5,1.0,0.569265,0.650844,True,job_skill_alignment:0.210526>0.421053;difficulty_match:0.500000>1.000000,Preference moved exactly to the resource difficulty.
C0176,preferred_difficulty,P002,R070,1,0.5,1.0,0.418581,0.468581,True,difficulty_match:0.500000>1.000000,Preference moved exactly to the resource difficulty.
C0177,preferred_difficulty,P002,R091,1,0.5,1.0,0.260576,0.310576,True,difficulty_match:0.500000>1.000000,Preference moved exactly to the resource difficulty.
C0178,preferred_difficulty,P002,R092,1,0.5,1.0,0.164743,0.214743,True,difficulty_match:0.500000>1.000000,Preference moved exactly to the resource difficulty.
C0179,preferred_difficulty,P002,R094,3,0.5,1.0,0.562799,0.644378,True,job_skill_alignment:0.210526>0.421053;difficulty_match:0.500000>1.000000,Preference moved exactly to the resource difficulty.
C0180,preferred_difficulty,P002,R096,1,0.5,1.0,0.382355,0.432355,True,difficulty_match:0.500000>1.000000,Preference moved exactly to the resource difficulty.
C0181,weakness_removal,P002,R014,deployment,0.368421,0.0,0.590639,0.532145,True,skill_gap_match:0.322034>0.310345;job_skill_alignment:0.368421>0.000000;content_similarity:0.211023>0.204840,The resource's only declared-weak overlap was removed.
C0182,weakness_removal,P002,R058,deployment,0.0,0.0,0.418026,0.413305,True,skill_gap_match:0.254237>0.241379;content_similarity:0.302008>0.271868,The resource's only declared-weak overlap was removed.
C0183,weakness_removal,P002,R010,machine_learning,0.131579,0.0,0.498965,0.474175,True,skill_gap_match:0.118644>0.103448;job_skill_alignment:0.131579>0.000000;content_similarity:0.162339>0.137257,The resource's only declared-weak overlap was removed.
C0184,weakness_removal,P002,R035,machine_learning,0.263158,0.0,0.603141,0.560092,True,skill_gap_match:0.220339>0.206897;job_skill_alignment:0.263158>0.000000;content_similarity:0.199654>0.195367,The resource's only declared-weak overlap was removed.
C0185,weakness_removal,P002,R045,machine_learning,0.131579,0.0,0.50125,0.476579,True,skill_gap_match:0.118644>0.103448;job_skill_alignment:0.131579>0.000000;content_similarity:0.147053>0.124332,The resource's only declared-weak overlap was removed.
C0186,irrelevant_completed_topic,P002,,counterfactual_irrelevant_topic,,,,,True,,"Top-ten recommendations, scores, and explanations compared exactly."
C0187,prerequisite_completion,P003,R002,sql,0.0,1.0,0.410438,0.51307,True,prerequisite_match:0.000000>1.000000;content_similarity:0.173605>0.226242,Missing prerequisites added to completed topics.
C0188,prerequisite_completion,P003,R006,python,0.0,1.0,0.297581,0.398225,True,prerequisite_match:0.000000>1.000000;content_similarity:0.053651>0.066534,Missing prerequisites added to completed topics.
C0189,prerequisite_completion,P003,R008,python;statistics,0.0,1.0,0.1889,0.290931,True,prerequisite_match:0.000000>1.000000;content_similarity:0.086694>0.127316,Missing prerequisites added to completed topics.
C0190,prerequisite_completion,P003,R009,machine_learning,0.0,1.0,0.286088,0.38704,True,prerequisite_match:0.000000>1.000000;content_similarity:0.040552>0.059600,Missing prerequisites added to completed topics.
C0191,prerequisite_completion,P003,R010,machine_learning;python,0.0,1.0,0.114205,0.216257,True,prerequisite_match:0.000000>1.000000;content_similarity:0.029577>0.070611,Missing prerequisites added to completed topics.
C0192,prerequisite_completion,P003,R011,apis;machine_learning;python,0.0,1.0,0.386019,0.516422,True,job_skill_alignment:0.000000>0.184211;prerequisite_match:0.000000>1.000000;content_similarity:0.289297>0.344740,Missing prerequisites added to completed topics.
C0193,prerequisite_completion,P003,R014,python,0.0,1.0,0.527821,0.683693,True,job_skill_alignment:0.000000>0.368421;prerequisite_match:0.000000>1.000000;content_similarity:0.194909>0.207095,Missing prerequisites added to completed topics.
C0194,prerequisite_completion,P003,R015,sql,0.0,1.0,0.483201,0.585464,True,prerequisite_match:0.000000>1.000000;content_similarity:0.203962>0.249208,Missing prerequisites added to completed topics.
C0195,prerequisite_completion,P003,R017,python,0.0,1.0,0.204371,0.305772,True,prerequisite_match:0.000000>1.000000;content_similarity:0.057883>0.085916,Missing prerequisites added to completed topics.
C0196,prerequisite_completion,P003,R022,python,0.0,1.0,0.435455,0.536575,True,prerequisite_match:0.000000>1.000000;content_similarity:0.210280>0.232672,Missing prerequisites added to completed topics.
C0197,prerequisite_completion,P003,R023,python;statistics,0.0,1.0,0.223535,0.324703,True,prerequisite_match:0.000000>1.000000;content_similarity:0.063643>0.087005,Missing prerequisites added to completed topics.
C0198,prerequisite_completion,P003,R026,python;sql,0.0,1.0,0.196624,0.298884,True,prerequisite_match:0.000000>1.000000;content_similarity:0.130423>0.175626,Missing prerequisites added to completed topics.
C0199,prerequisite_completion,P003,R027,sql,0.0,1.0,0.348711,0.451397,True,prerequisite_match:0.000000>1.000000;content_similarity:0.163826>0.217541,Missing prerequisites added to completed topics.
C0200,prerequisite_completion,P003,R029,python,0.0,1.0,0.230014,0.331266,True,prerequisite_match:0.000000>1.000000;content_similarity:0.076209>0.101252,Missing prerequisites added to completed topics.
C0201,prerequisite_completion,P003,R030,python,0.0,1.0,0.247676,0.349149,True,prerequisite_match:0.000000>1.000000;content_similarity:0.090557>0.120010,Missing prerequisites added to completed topics.
C0202,prerequisite_completion,P003,R031,statistics,0.0,1.0,0.194823,0.297472,True,prerequisite_match:0.000000>1.000000;content_similarity:0.175693>0.228672,Missing prerequisites added to completed topics.
C0203,prerequisite_completion,P003,R033,python;sql,0.0,1.0,0.31744,0.420604,True,prerequisite_match:0.000000>1.000000;content_similarity:0.164300>0.227590,Missing prerequisites added to completed topics.
C0204,prerequisite_completion,P003,R035,python,0.0,1.0,0.184282,0.285832,True,prerequisite_match:0.000000>1.000000;content_similarity:0.075335>0.106337,Missing prerequisites added to completed topics.
C0205,prerequisite_completion,P003,R036,python;statistics,0.0,1.0,0.219477,0.321028,True,prerequisite_match:0.000000>1.000000;content_similarity:0.066234>0.097269,Missing prerequisites added to completed topics.
C0206,prerequisite_completion,P003,R037,python;statistics,0.0,1.0,0.213216,0.315021,True,prerequisite_match:0.000000>1.000000;content_similarity:0.077022>0.113113,Missing prerequisites added to completed topics.
C0207,prerequisite_completion,P003,R038,machine_learning;python,0.0,1.0,0.272326,0.374474,True,prerequisite_match:0.000000>1.000000;content_similarity:0.107026>0.149978,Missing prerequisites added to completed topics.
C0208,prerequisite_completion,P003,R039,machine_learning;python,0.0,1.0,0.29721,0.398856,True,prerequisite_match:0.000000>1.000000;content_similarity:0.164168>0.197097,Missing prerequisites added to completed topics.
C0209,prerequisite_completion,P003,R040,machine_learning;python,0.0,1.0,0.353714,0.482534,True,job_skill_alignment:0.000000>0.184211;prerequisite_match:0.000000>1.000000;content_similarity:0.162725>0.186498,Missing prerequisites added to completed topics.
C0210,prerequisite_completion,P003,R041,machine_learning,0.0,1.0,0.181891,0.282836,True,prerequisite_match:0.000000>1.000000;content_similarity:0.073000>0.091895,Missing prerequisites added to completed topics.
C0211,prerequisite_completion,P003,R042,machine_learning,0.0,1.0,0.154332,0.255147,True,prerequisite_match:0.000000>1.000000;content_similarity:0.049352>0.065638,Missing prerequisites added to completed topics.
C0212,prerequisite_completion,P003,R043,python,0.0,1.0,0.512845,0.669079,True,job_skill_alignment:0.000000>0.368421;prerequisite_match:0.000000>1.000000;content_similarity:0.152156>0.171564,Missing prerequisites added to completed topics.
C0213,prerequisite_completion,P003,R044,python;statistics,0.0,1.0,0.223396,0.324962,True,prerequisite_match:0.000000>1.000000;content_similarity:0.066849>0.098172,Missing prerequisites added to completed topics.
C0214,prerequisite_completion,P003,R045,machine_learning;python,0.0,1.0,0.117116,0.218975,True,prerequisite_match:0.000000>1.000000;content_similarity:0.026792>0.063962,Missing prerequisites added to completed topics.
C0215,prerequisite_completion,P003,R046,python,0.0,1.0,0.542446,0.738473,True,job_skill_alignment:0.000000>0.631579;prerequisite_match:0.000000>1.000000;content_similarity:0.378023>0.403832,Missing prerequisites added to completed topics.
C0216,prerequisite_completion,P003,R050,python,0.0,1.0,0.53169,0.687467,True,job_skill_alignment:0.000000>0.368421;prerequisite_match:0.000000>1.000000;content_similarity:0.248282>0.258559,Missing prerequisites added to completed topics.
C0217,prerequisite_completion,P003,R051,apis,0.0,1.0,0.515435,0.726929,True,job_skill_alignment:0.000000>0.736842;prerequisite_match:0.000000>1.000000;content_similarity:0.364346>0.383702,Missing prerequisites added to completed topics.
C0218,prerequisite_completion,P003,R052,python,0.0,1.0,0.454744,0.583509,True,job_skill_alignment:0.000000>0.184211;prerequisite_match:0.000000>1.000000;content_similarity:0.271894>0.294573,Missing prerequisites added to completed topics.
C0219,prerequisite_completion,P003,R055,sql,0.5,1.0,0.60516,0.683595,True,job_skill_alignment:0.184211>0.368421;prerequisite_match:0.500000>1.000000;content_similarity:0.268060>0.284118,Missing prerequisites added to completed topics.
C0220,prerequisite_completion,P003,R060,machine_learning;python,0.0,1.0,0.159373,0.2607,True,prerequisite_match:0.000000>1.000000;content_similarity:0.035171>0.061699,Missing prerequisites added to completed topics.
C0221,prerequisite_completion,P003,R061,sql,0.0,1.0,0.322524,0.424734,True,prerequisite_match:0.000000>1.000000;content_similarity:0.093606>0.137806,Missing prerequisites added to completed topics.
C0222,prerequisite_completion,P003,R062,sql,0.0,1.0,0.396826,0.499369,True,prerequisite_match:0.000000>1.000000;content_similarity:0.155119>0.205978,Missing prerequisites added to completed topics.
C0223,prerequisite_completion,P003,R063,python,0.0,1.0,0.296496,0.397071,True,prerequisite_match:0.000000>1.000000;content_similarity:0.047951>0.059465,Missing prerequisites added to completed topics.
C0224,prerequisite_completion,P003,R066,python;statistics,0.0,1.0,0.216116,0.317358,True,prerequisite_match:0.000000>1.000000;content_similarity:0.053015>0.077857,Missing prerequisites added to completed topics.
C0225,prerequisite_completion,P003,R067,machine_learning,0.0,1.0,0.202097,0.302882,True,prerequisite_match:0.000000>1.000000;content_similarity:0.033409>0.049101,Missing prerequisites added to completed topics.
C0226,prerequisite_completion,P003,R068,machine_learning,0.0,1.0,0.246721,0.347506,True,prerequisite_match:0.000000>1.000000;content_similarity:0.087460>0.103161,Missing prerequisites added to completed topics.
C0227,prerequisite_completion,P003,R069,apis;machine_learning;python,0.0,1.0,0.382296,0.511795,True,job_skill_alignment:0.000000>0.184211;prerequisite_match:0.000000>1.000000;content_similarity:0.201834>0.239190,Missing prerequisites added to completed topics.
C0228,prerequisite_completion,P003,R072,sql,0.5,1.0,0.546055,0.596989,True,prerequisite_match:0.500000>1.000000;content_similarity:0.245274>0.263958,Missing prerequisites added to completed topics.
C0229,prerequisite_completion,P003,R075,python;sql,0.0,1.0,0.23761,0.339631,True,prerequisite_match:0.000000>1.000000;content_similarity:0.099369>0.139788,Missing prerequisites added to completed topics.
C0230,prerequisite_completion,P003,R091,sql,0.0,1.0,0.17851,0.280264,True,prerequisite_match:0.000000>1.000000;content_similarity:0.150138>0.185217,Missing prerequisites added to completed topics.
C0231,prerequisite_completion,P003,R092,data_visualisation,0.0,1.0,0.141558,0.242634,True,prerequisite_match:0.000000>1.000000;content_similarity:0.069387>0.090906,Missing prerequisites added to completed topics.
C0232,prerequisite_completion,P003,R093,machine_learning;python,0.0,1.0,0.227475,0.328689,True,prerequisite_match:0.000000>1.000000;content_similarity:0.102443>0.126714,Missing prerequisites added to completed topics.
C0233,prerequisite_completion,P003,R094,apis;machine_learning;python,0.0,1.0,0.383052,0.512421,True,job_skill_alignment:0.000000>0.184211;prerequisite_match:0.000000>1.000000;content_similarity:0.203958>0.238720,Missing prerequisites added to completed topics.
C0234,prerequisite_completion,P003,R095,apis,0.5,1.0,0.658204,0.763788,True,job_skill_alignment:0.368421>0.736842;prerequisite_match:0.500000>1.000000;content_similarity:0.334163>0.340574,Missing prerequisites added to completed topics.
C0235,prerequisite_completion,P003,R096,python,0.0,1.0,0.476175,0.60428,True,job_skill_alignment:0.000000>0.184211;prerequisite_match:0.000000>1.000000;content_similarity:0.198982>0.208455,Missing prerequisites added to completed topics.
C0236,preferred_difficulty,P003,R001,1,0.5,1.0,0.358284,0.408284,True,difficulty_match:0.500000>1.000000,Preference moved exactly to the resource difficulty.
C0237,preferred_difficulty,P003,R003,1,0.5,1.0,0.245828,0.295828,True,difficulty_match:0.500000>1.000000,Preference moved exactly to the resource difficulty.
C0238,preferred_difficulty,P003,R004,1,0.5,1.0,0.2292,0.2792,True,difficulty_match:0.500000>1.000000,Preference moved exactly to the resource difficulty.
C0239,preferred_difficulty,P003,R005,1,0.5,1.0,0.440378,0.490378,True,difficulty_match:0.500000>1.000000,Preference moved exactly to the resource difficulty.
C0240,preferred_difficulty,P003,R007,1,0.5,1.0,0.325548,0.375548,True,difficulty_match:0.500000>1.000000,Preference moved exactly to the resource difficulty.
C0241,preferred_difficulty,P003,R010,3,0.5,1.0,0.114205,0.164205,True,difficulty_match:0.500000>1.000000,Preference moved exactly to the resource difficulty.
C0242,preferred_difficulty,P003,R011,3,0.5,1.0,0.386019,0.436019,True,difficulty_match:0.500000>1.000000,Preference moved exactly to the resource difficulty.
C0243,preferred_difficulty,P003,R012,1,0.5,1.0,0.509348,0.559348,True,difficulty_match:0.500000>1.000000,Preference moved exactly to the resource difficulty.
C0244,preferred_difficulty,P003,R016,1,0.5,1.0,0.568267,0.645899,True,job_skill_alignment:0.184211>0.368421;difficulty_match:0.500000>1.000000,Preference moved exactly to the resource difficulty.
C0245,preferred_difficulty,P003,R021,1,0.5,1.0,0.229885,0.279885,True,difficulty_match:0.500000>1.000000,Preference moved exactly to the resource difficulty.
C0246,preferred_difficulty,P003,R022,1,0.5,1.0,0.435455,0.485455,True,difficulty_match:0.500000>1.000000,Preference moved exactly to the resource difficulty.
C0247,preferred_difficulty,P003,R024,1,0.5,1.0,0.221,0.271,True,difficulty_match:0.500000>1.000000,Preference moved exactly to the resource difficulty.
C0248,preferred_difficulty,P003,R025,1,0.5,1.0,0.272058,0.322058,True,difficulty_match:0.500000>1.000000,Preference moved exactly to the resource difficulty.
C0249,preferred_difficulty,P003,R027,1,0.5,1.0,0.348711,0.398711,True,difficulty_match:0.500000>1.000000,Preference moved exactly to the resource difficulty.
C0250,preferred_difficulty,P003,R028,1,0.5,1.0,0.241525,0.291525,True,difficulty_match:0.500000>1.000000,Preference moved exactly to the resource difficulty.
C0251,preferred_difficulty,P003,R030,1,0.5,1.0,0.247676,0.297676,True,difficulty_match:0.500000>1.000000,Preference moved exactly to the resource difficulty.
C0252,preferred_difficulty,P003,R032,1,0.5,1.0,0.2265,0.2765,True,difficulty_match:0.500000>1.000000,Preference moved exactly to the resource difficulty.
C0253,preferred_difficulty,P003,R034,1,0.5,1.0,0.535648,0.585648,True,difficulty_match:0.500000>1.000000,Preference moved exactly to the resource difficulty.
C0254,preferred_difficulty,P003,R038,3,0.5,1.0,0.272326,0.322326,True,difficulty_match:0.500000>1.000000,Preference moved exactly to the resource difficulty.
C0255,preferred_difficulty,P003,R039,3,0.5,1.0,0.29721,0.34721,True,difficulty_match:0.500000>1.000000,Preference moved exactly to the resource difficulty.
C0256,preferred_difficulty,P003,R040,3,0.5,1.0,0.353714,0.403714,True,difficulty_match:0.500000>1.000000,Preference moved exactly to the resource difficulty.
C0257,preferred_difficulty,P003,R041,3,0.5,1.0,0.181891,0.231891,True,difficulty_match:0.500000>1.000000,Preference moved exactly to the resource difficulty.
C0258,preferred_difficulty,P003,R042,3,0.5,1.0,0.154332,0.204332,True,difficulty_match:0.500000>1.000000,Preference moved exactly to the resource difficulty.
C0259,preferred_difficulty,P003,R045,3,0.5,1.0,0.117116,0.167116,True,difficulty_match:0.500000>1.000000,Preference moved exactly to the resource difficulty.
C0260,preferred_difficulty,P003,R052,1,0.5,1.0,0.454744,0.504744,True,difficulty_match:0.500000>1.000000,Preference moved exactly to the resource difficulty.
C0261,preferred_difficulty,P003,R054,3,0.5,1.0,0.613813,0.711181,True,job_skill_alignment:0.315789>0.631579;difficulty_match:0.500000>1.000000,Preference moved exactly to the resource difficulty.
C0262,preferred_difficulty,P003,R060,3,0.5,1.0,0.159373,0.209373,True,difficulty_match:0.500000>1.000000,Preference moved exactly to the resource difficulty.
C0263,preferred_difficulty,P003,R061,1,0.5,1.0,0.322524,0.372524,True,difficulty_match:0.500000>1.000000,Preference moved exactly to the resource difficulty.
C0264,preferred_difficulty,P003,R064,1,0.5,1.0,0.22615,0.27615,True,difficulty_match:0.500000>1.000000,Preference moved exactly to the resource difficulty.
C0265,preferred_difficulty,P003,R065,1,0.5,1.0,0.24032,0.29032,True,difficulty_match:0.500000>1.000000,Preference moved exactly to the resource difficulty.
C0266,preferred_difficulty,P003,R068,3,0.5,1.0,0.246721,0.296721,True,difficulty_match:0.500000>1.000000,Preference moved exactly to the resource difficulty.
C0267,preferred_difficulty,P003,R069,3,0.5,1.0,0.382296,0.432296,True,difficulty_match:0.500000>1.000000,Preference moved exactly to the resource difficulty.
C0268,preferred_difficulty,P003,R070,1,0.5,1.0,0.507922,0.557922,True,difficulty_match:0.500000>1.000000,Preference moved exactly to the resource difficulty.
C0269,preferred_difficulty,P003,R091,1,0.5,1.0,0.17851,0.22851,True,difficulty_match:0.500000>1.000000,Preference moved exactly to the resource difficulty.
C0270,preferred_difficulty,P003,R092,1,0.5,1.0,0.141558,0.191558,True,difficulty_match:0.500000>1.000000,Preference moved exactly to the resource difficulty.
C0271,preferred_difficulty,P003,R094,3,0.5,1.0,0.383052,0.433052,True,difficulty_match:0.500000>1.000000,Preference moved exactly to the resource difficulty.
C0272,preferred_difficulty,P003,R096,1,0.5,1.0,0.476175,0.526175,True,difficulty_match:0.500000>1.000000,Preference moved exactly to the resource difficulty.
C0273,weakness_removal,P003,R011,apis,0.0,0.0,0.386019,0.380608,True,skill_gap_match:0.319149>0.304348;content_similarity:0.289297>0.255082,The resource's only declared-weak overlap was removed.
C0274,weakness_removal,P003,R014,apis,0.0,0.0,0.527821,0.52351,True,skill_gap_match:0.361702>0.347826;content_similarity:0.194909>0.178065,The resource's only declared-weak overlap was removed.
C0275,weakness_removal,P003,R040,apis,0.0,0.0,0.353714,0.349198,True,skill_gap_match:0.234043>0.217391;content_similarity:0.162725>0.155661,The resource's only declared-weak overlap was removed.
C0276,weakness_removal,P003,R043,apis,0.0,0.0,0.512845,0.508817,True,skill_gap_match:0.319149>0.304348;content_similarity:0.152156>0.145606,The resource's only declared-weak overlap was removed.
C0277,weakness_removal,P003,R050,apis,0.0,0.0,0.53169,0.527569,True,skill_gap_match:0.361702>0.347826;content_similarity:0.248282>0.235259,The resource's only declared-weak overlap was removed.
C0278,weakness_removal,P003,R055,apis,0.184211,0.0,0.60516,0.573999,True,skill_gap_match:0.361702>0.347826;job_skill_alignment:0.184211>0.000000;content_similarity:0.268060>0.266843,The resource's only declared-weak overlap was removed.
C0279,weakness_removal,P003,R058,apis,0.368421,0.0,0.584789,0.525601,True,skill_gap_match:0.319149>0.304348;job_skill_alignment:0.368421>0.000000;content_similarity:0.207448>0.202947,The resource's only declared-weak overlap was removed.
C0280,weakness_removal,P003,R069,apis,0.0,0.0,0.382296,0.377876,True,skill_gap_match:0.319149>0.304348;content_similarity:0.201834>0.187439,The resource's only declared-weak overlap was removed.
C0281,weakness_removal,P003,R071,apis,0.368421,0.0,0.641656,0.581154,True,skill_gap_match:0.191489>0.173913;job_skill_alignment:0.368421>0.000000;content_similarity:0.157409>0.140510,The resource's only declared-weak overlap was removed.
C0282,weakness_removal,P003,R094,apis,0.0,0.0,0.383052,0.37869,True,skill_gap_match:0.319149>0.304348;content_similarity:0.203958>0.190734,The resource's only declared-weak overlap was removed.
C0283,weakness_removal,P003,R013,oop,0.263158,0.0,0.620203,0.574575,True,skill_gap_match:0.148936>0.130435;job_skill_alignment:0.263158>0.000000;content_similarity:0.266898>0.236317,The resource's only declared-weak overlap was removed.
C0284,weakness_removal,P003,R074,oop,0.263158,0.0,0.620026,0.574436,True,skill_gap_match:0.148936>0.130435;job_skill_alignment:0.263158>0.000000;content_similarity:0.281360>0.251542,The resource's only declared-weak overlap was removed.
C0285,weakness_removal,P003,R016,testing,0.184211,0.0,0.568267,0.534191,True,skill_gap_match:0.191489>0.173913;job_skill_alignment:0.184211>0.000000;content_similarity:0.346266>0.305254,The resource's only declared-weak overlap was removed.
C0286,weakness_removal,P003,R052,testing,0.0,0.0,0.454744,0.44945,True,skill_gap_match:0.276596>0.260870;content_similarity:0.271894>0.244657,The resource's only declared-weak overlap was removed.
C0287,weakness_removal,P003,R053,testing,0.368421,0.0,0.650924,0.591241,True,skill_gap_match:0.234043>0.217391;job_skill_alignment:0.368421>0.000000;content_similarity:0.199001>0.193861,The resource's only declared-weak overlap was removed.
C0288,weakness_removal,P003,R096,testing,0.0,0.0,0.476175,0.472515,True,skill_gap_match:0.361702>0.347826;content_similarity:0.198982>0.195179,The resource's only declared-weak overlap was removed.
C0289,irrelevant_completed_topic,P003,,counterfactual_irrelevant_topic,,,,,True,,"Top-ten recommendations, scores, and explanations compared exactly."
C0290,prerequisite_completion,P004,R006,python,0.0,1.0,0.482898,0.633302,True,job_skill_alignment:0.000000>0.333333;prerequisite_match:0.000000>1.000000;content_similarity:0.228216>0.236308,Missing prerequisites added to completed topics.
C0291,prerequisite_completion,P004,R008,python,0.5,1.0,0.315902,0.379617,True,job_skill_alignment:0.083333>0.166667;prerequisite_match:0.500000>1.000000;content_similarity:0.225933>0.250222,Missing prerequisites added to completed topics.
C0292,prerequisite_completion,P004,R009,machine_learning,0.0,1.0,0.258212,0.359119,True,prerequisite_match:0.000000>1.000000;content_similarity:0.092249>0.110394,Missing prerequisites added to completed topics.
C0293,prerequisite_completion,P004,R010,machine_learning;python,0.0,1.0,0.092671,0.19453,True,prerequisite_match:0.000000>1.000000;content_similarity:0.106048>0.143232,Missing prerequisites added to completed topics.
C0294,prerequisite_completion,P004,R011,apis;machine_learning;python,0.0,1.0,0.125472,0.228776,True,prerequisite_match:0.000000>1.000000;content_similarity:0.089064>0.155147,Missing prerequisites added to completed topics.
C0295,prerequisite_completion,P004,R013,programming,0.0,1.0,0.154214,0.255717,True,prerequisite_match:0.000000>1.000000;content_similarity:0.073119>0.103169,Missing prerequisites added to completed topics.
C0296,prerequisite_completion,P004,R014,python,0.0,1.0,0.188224,0.31382,True,job_skill_alignment:0.000000>0.166667;prerequisite_match:0.000000>1.000000;content_similarity:0.089023>0.100954,Missing prerequisites added to completed topics.
C0297,prerequisite_completion,P004,R016,programming,0.0,1.0,0.197887,0.298721,True,prerequisite_match:0.000000>1.000000;content_similarity:0.040582>0.057260,Missing prerequisites added to completed topics.
C0298,prerequisite_completion,P004,R017,python,0.0,1.0,0.492894,0.643832,True,job_skill_alignment:0.000000>0.333333;prerequisite_match:0.000000>1.000000;content_similarity:0.417151>0.435913,Missing prerequisites added to completed topics.
C0299,prerequisite_completion,P004,R022,python,0.0,1.0,0.330602,0.481601,True,job_skill_alignment:0.000000>0.333333;prerequisite_match:0.000000>1.000000;content_similarity:0.183849>0.203814,Missing prerequisites added to completed topics.
C0300,prerequisite_completion,P004,R023,python,0.5,1.0,0.387057,0.462511,True,job_skill_alignment:0.166667>0.333333;prerequisite_match:0.500000>1.000000;content_similarity:0.181734>0.190812,Missing prerequisites added to completed topics.
C0301,prerequisite_completion,P004,R026,python,0.5,1.0,0.571564,0.646848,True,job_skill_alignment:0.166667>0.333333;prerequisite_match:0.500000>1.000000;content_similarity:0.531308>0.536987,Missing prerequisites added to completed topics.
C0302,prerequisite_completion,P004,R029,python,0.0,1.0,0.509242,0.660209,True,job_skill_alignment:0.000000>0.333333;prerequisite_match:0.000000>1.000000;content_similarity:0.266943>0.286291,Missing prerequisites added to completed topics.
C0303,prerequisite_completion,P004,R030,python,0.0,1.0,0.409558,0.560847,True,job_skill_alignment:0.000000>0.333333;prerequisite_match:0.000000>1.000000;content_similarity:0.177371>0.203154,Missing prerequisites added to completed topics.
C0304,prerequisite_completion,P004,R033,python,0.5,1.0,0.560806,0.636546,True,job_skill_alignment:0.166667>0.333333;prerequisite_match:0.500000>1.000000;content_similarity:0.425383>0.440188,Missing prerequisites added to completed topics.
C0305,prerequisite_completion,P004,R035,python,0.0,1.0,0.365167,0.491429,True,job_skill_alignment:0.000000>0.166667;prerequisite_match:0.000000>1.000000;content_similarity:0.263314>0.288555,Missing prerequisites added to completed topics.
C0306,prerequisite_completion,P004,R036,python,0.5,1.0,0.344931,0.408254,True,job_skill_alignment:0.083333>0.166667;prerequisite_match:0.500000>1.000000;content_similarity:0.174496>0.190970,Missing prerequisites added to completed topics.
C0307,prerequisite_completion,P004,R037,python,0.5,1.0,0.256109,0.319688,True,job_skill_alignment:0.083333>0.166667;prerequisite_match:0.500000>1.000000;content_similarity:0.200728>0.222308,Missing prerequisites added to completed topics.
C0308,prerequisite_completion,P004,R038,machine_learning;python,0.0,1.0,0.142924,0.244895,True,prerequisite_match:0.000000>1.000000;content_similarity:0.127030>0.166444,Missing prerequisites added to completed topics.
C0309,prerequisite_completion,P004,R039,machine_learning;python,0.0,1.0,0.154375,0.255879,True,prerequisite_match:0.000000>1.000000;content_similarity:0.136960>0.167059,Missing prerequisites added to completed topics.
C0310,prerequisite_completion,P004,R040,machine_learning;python,0.0,1.0,0.083404,0.18458,True,prerequisite_match:0.000000>1.000000;content_similarity:0.055989>0.079527,Missing prerequisites added to completed topics.
C0311,prerequisite_completion,P004,R041,machine_learning,0.0,1.0,0.135701,0.236606,True,prerequisite_match:0.000000>1.000000;content_similarity:0.090578>0.108669,Missing prerequisites added to completed topics.
C0312,prerequisite_completion,P004,R042,machine_learning,0.0,1.0,0.093331,0.194116,True,prerequisite_match:0.000000>1.000000;content_similarity:0.059461>0.075160,Missing prerequisites added to completed topics.
C0313,prerequisite_completion,P004,R043,python,0.0,1.0,0.177333,0.303227,True,job_skill_alignment:0.000000>0.166667;prerequisite_match:0.000000>1.000000;content_similarity:0.119288>0.137170,Missing prerequisites added to completed topics.
C0314,prerequisite_completion,P004,R044,python,0.5,1.0,0.357451,0.420376,True,job_skill_alignment:0.083333>0.166667;prerequisite_match:0.500000>1.000000;content_similarity:0.151740>0.160247,Missing prerequisites added to completed topics.
C0315,prerequisite_completion,P004,R045,machine_learning;python,0.0,1.0,0.095221,0.196906,True,prerequisite_match:0.000000>1.000000;content_similarity:0.096062>0.129745,Missing prerequisites added to completed topics.
C0316,prerequisite_completion,P004,R046,python,0.0,1.0,0.193544,0.319786,True,job_skill_alignment:0.000000>0.166667;prerequisite_match:0.000000>1.000000;content_similarity:0.192438>0.217265,Missing prerequisites added to completed topics.
C0317,prerequisite_completion,P004,R050,python,0.0,1.0,0.212347,0.337822,True,job_skill_alignment:0.000000>0.166667;prerequisite_match:0.000000>1.000000;content_similarity:0.139331>0.148831,Missing prerequisites added to completed topics.
C0318,prerequisite_completion,P004,R051,apis,0.0,1.0,0.123043,0.224666,True,prerequisite_match:0.000000>1.000000;content_similarity:0.005852>0.038313,Missing prerequisites added to completed topics.
C0319,prerequisite_completion,P004,R052,python,0.0,1.0,0.235833,0.386909,True,job_skill_alignment:0.000000>0.333333;prerequisite_match:0.000000>1.000000;content_similarity:0.154211>0.175740,Missing prerequisites added to completed topics.
C0320,prerequisite_completion,P004,R053,version_control,0.0,1.0,0.223012,0.325221,True,prerequisite_match:0.000000>1.000000;content_similarity:0.045483>0.089662,Missing prerequisites added to completed topics.
C0321,prerequisite_completion,P004,R054,oop,0.0,1.0,0.097724,0.200492,True,prerequisite_match:0.000000>1.000000;content_similarity:0.018321>0.073685,Missing prerequisites added to completed topics.
C0322,prerequisite_completion,P004,R055,programming,0.5,1.0,0.32754,0.378157,True,prerequisite_match:0.500000>1.000000;content_similarity:0.185653>0.197989,Missing prerequisites added to completed topics.
C0323,prerequisite_completion,P004,R056,programming,0.0,1.0,0.162602,0.263905,True,prerequisite_match:0.000000>1.000000;content_similarity:0.077798>0.103847,Missing prerequisites added to completed topics.
C0324,prerequisite_completion,P004,R057,programming,0.0,1.0,0.167398,0.268246,True,prerequisite_match:0.000000>1.000000;content_similarity:0.062629>0.079594,Missing prerequisites added to completed topics.
C0325,prerequisite_completion,P004,R058,programming,0.0,1.0,0.134839,0.235237,True,prerequisite_match:0.000000>1.000000;content_similarity:0.038703>0.046663,Missing prerequisites added to completed topics.
C0326,prerequisite_completion,P004,R060,machine_learning;python,0.0,1.0,0.219713,0.320892,True,prerequisite_match:0.000000>1.000000;content_similarity:0.091149>0.114732,Missing prerequisites added to completed topics.
C0327,prerequisite_completion,P004,R063,python,0.0,1.0,0.458795,0.609193,True,job_skill_alignment:0.000000>0.333333;prerequisite_match:0.000000>1.000000;content_similarity:0.170322>0.178298,Missing prerequisites added to completed topics.
C0328,prerequisite_completion,P004,R066,python,0.5,1.0,0.340313,0.40335,True,job_skill_alignment:0.083333>0.166667;prerequisite_match:0.500000>1.000000;content_similarity:0.136141>0.146893,Missing prerequisites added to completed topics.
C0329,prerequisite_completion,P004,R067,machine_learning,0.0,1.0,0.256834,0.357584,True,prerequisite_match:0.000000>1.000000;content_similarity:0.070691>0.085680,Missing prerequisites added to completed topics.
C0330,prerequisite_completion,P004,R068,machine_learning,0.0,1.0,0.098853,0.199627,True,prerequisite_match:0.000000>1.000000;content_similarity:0.026903>0.042369,Missing prerequisites added to completed topics.
C0331,prerequisite_completion,P004,R069,apis;machine_learning;python,0.0,1.0,0.12566,0.22787,True,prerequisite_match:0.000000>1.000000;content_similarity:0.079829>0.124035,Missing prerequisites added to completed topics.
C0332,prerequisite_completion,P004,R071,programming,0.0,1.0,0.152767,0.253589,True,prerequisite_match:0.000000>1.000000;content_similarity:0.034184>0.050616,Missing prerequisites added to completed topics.
C0333,prerequisite_completion,P004,R072,programming,0.5,1.0,0.335143,0.385828,True,prerequisite_match:0.500000>1.000000;content_similarity:0.199695>0.213395,Missing prerequisites added to completed topics.
C0334,prerequisite_completion,P004,R073,programming,0.0,1.0,0.150194,0.250932,True,prerequisite_match:0.000000>1.000000;content_similarity:0.030720>0.045487,Missing prerequisites added to completed topics.
C0335,prerequisite_completion,P004,R074,programming,0.0,1.0,0.152015,0.253147,True,prerequisite_match:0.000000>1.000000;content_similarity:0.047127>0.069781,Missing prerequisites added to completed topics.
C0336,prerequisite_completion,P004,R075,python,0.5,1.0,0.582115,0.657544,True,job_skill_alignment:0.166667>0.333333;prerequisite_match:0.500000>1.000000;content_similarity:0.308401>0.316987,Missing prerequisites added to completed topics.
C0337,prerequisite_completion,P004,R093,machine_learning;python,0.0,1.0,0.3113,0.462361,True,job_skill_alignment:0.000000>0.333333;prerequisite_match:0.000000>1.000000;content_similarity:0.126606>0.147809,Missing prerequisites added to completed topics.
C0338,prerequisite_completion,P004,R094,apis;machine_learning;python,0.0,1.0,0.126096,0.228188,True,prerequisite_match:0.000000>1.000000;content_similarity:0.075554>0.117394,Missing prerequisites added to completed topics.
C0339,prerequisite_completion,P004,R095,apis;programming,0.0,1.0,0.173269,0.274863,True,prerequisite_match:0.000000>1.000000;content_similarity:0.052061>0.083940,Missing prerequisites added to completed topics.
C0340,prerequisite_completion,P004,R096,python,0.0,1.0,0.329753,0.480223,True,job_skill_alignment:0.000000>0.333333;prerequisite_match:0.000000>1.000000;content_similarity:0.085867>0.095259,Missing prerequisites added to completed topics.
C0341,skill_improvement,P004,R021,data_cleaning,0.142857,0.0,0.610529,0.52117,True,skill_gap_match:0.142857>0.000000;job_skill_alignment:0.333333>0.000000;content_similarity:0.137292>0.064400,Skill raised to pathway requirement and weak flag removed.
C0342,preferred_difficulty,P004,R002,2,0.5,1.0,0.598562,0.673562,True,job_skill_alignment:0.166667>0.333333;difficulty_match:0.500000>1.000000,Preference moved exactly to the resource difficulty.
C0343,preferred_difficulty,P004,R006,2,0.5,1.0,0.482898,0.532898,True,difficulty_match:0.500000>1.000000,Preference moved exactly to the resource difficulty.
C0344,preferred_difficulty,P004,R008,2,0.5,1.0,0.315902,0.378402,True,job_skill_alignment:0.083333>0.166667;difficulty_match:0.500000>1.000000,Preference moved exactly to the resource difficulty.
C0345,preferred_difficulty,P004,R009,2,0.5,1.0,0.258212,0.308212,True,difficulty_match:0.500000>1.000000,Preference moved exactly to the resource difficulty.
C0346,preferred_difficulty,P004,R010,3,0.0,1.0,0.092671,0.192671,True,difficulty_match:0.000000>1.000000,Preference moved exactly to the resource difficulty.
C0347,preferred_difficulty,P004,R011,3,0.0,1.0,0.125472,0.225472,True,difficulty_match:0.000000>1.000000,Preference moved exactly to the resource difficulty.
C0348,preferred_difficulty,P004,R013,2,0.5,1.0,0.154214,0.204214,True,difficulty_match:0.500000>1.000000,Preference moved exactly to the resource difficulty.
C0349,preferred_difficulty,P004,R014,2,0.5,1.0,0.188224,0.238224,True,difficulty_match:0.500000>1.000000,Preference moved exactly to the resource difficulty.
C0350,preferred_difficulty,P004,R015,2,0.5,1.0,0.450668,0.500668,True,difficulty_match:0.500000>1.000000,Preference moved exactly to the resource difficulty.
C0351,preferred_difficulty,P004,R017,2,0.5,1.0,0.492894,0.542894,True,difficulty_match:0.500000>1.000000,Preference moved exactly to the resource difficulty.
C0352,preferred_difficulty,P004,R023,2,0.5,1.0,0.387057,0.462057,True,job_skill_alignment:0.166667>0.333333;difficulty_match:0.500000>1.000000,Preference moved exactly to the resource difficulty.
C0353,preferred_difficulty,P004,R026,2,0.5,1.0,0.571564,0.646564,True,job_skill_alignment:0.166667>0.333333;difficulty_match:0.500000>1.000000,Preference moved exactly to the resource difficulty.
C0354,preferred_difficulty,P004,R029,2,0.5,1.0,0.509242,0.559242,True,difficulty_match:0.500000>1.000000,Preference moved exactly to the resource difficulty.
C0355,preferred_difficulty,P004,R031,2,0.5,1.0,0.526491,0.576491,True,difficulty_match:0.500000>1.000000,Preference moved exactly to the resource difficulty.
C0356,preferred_difficulty,P004,R033,2,0.5,1.0,0.560806,0.635806,True,job_skill_alignment:0.166667>0.333333;difficulty_match:0.500000>1.000000,Preference moved exactly to the resource difficulty.
C0357,preferred_difficulty,P004,R035,2,0.5,1.0,0.365167,0.415167,True,difficulty_match:0.500000>1.000000,Preference moved exactly to the resource difficulty.
C0358,preferred_difficulty,P004,R036,2,0.5,1.0,0.344931,0.407431,True,job_skill_alignment:0.083333>0.166667;difficulty_match:0.500000>1.000000,Preference moved exactly to the resource difficulty.
C0359,preferred_difficulty,P004,R037,2,0.5,1.0,0.256109,0.318609,True,job_skill_alignment:0.083333>0.166667;difficulty_match:0.500000>1.000000,Preference moved exactly to the resource difficulty.
C0360,preferred_difficulty,P004,R038,3,0.0,1.0,0.142924,0.242924,True,difficulty_match:0.000000>1.000000,Preference moved exactly to the resource difficulty.
C0361,preferred_difficulty,P004,R039,3,0.0,1.0,0.154375,0.254375,True,difficulty_match:0.000000>1.000000,Preference moved exactly to the resource difficulty.
C0362,preferred_difficulty,P004,R040,3,0.0,1.0,0.083404,0.183404,True,difficulty_match:0.000000>1.000000,Preference moved exactly to the resource difficulty.
C0363,preferred_difficulty,P004,R041,3,0.0,1.0,0.135701,0.235701,True,difficulty_match:0.000000>1.000000,Preference moved exactly to the resource difficulty.
C0364,preferred_difficulty,P004,R042,3,0.0,1.0,0.093331,0.193331,True,difficulty_match:0.000000>1.000000,Preference moved exactly to the resource difficulty.
C0365,preferred_difficulty,P004,R043,2,0.5,1.0,0.177333,0.227333,True,difficulty_match:0.500000>1.000000,Preference moved exactly to the resource difficulty.
C0366,preferred_difficulty,P004,R044,2,0.5,1.0,0.357451,0.419951,True,job_skill_alignment:0.083333>0.166667;difficulty_match:0.500000>1.000000,Preference moved exactly to the resource difficulty.
C0367,preferred_difficulty,P004,R045,3,0.0,1.0,0.095221,0.195221,True,difficulty_match:0.000000>1.000000,Preference moved exactly to the resource difficulty.
C0368,preferred_difficulty,P004,R046,2,0.5,1.0,0.193544,0.243544,True,difficulty_match:0.500000>1.000000,Preference moved exactly to the resource difficulty.
C0369,preferred_difficulty,P004,R050,2,0.5,1.0,0.212347,0.262347,True,difficulty_match:0.500000>1.000000,Preference moved exactly to the resource difficulty.
C0370,preferred_difficulty,P004,R051,2,0.5,1.0,0.123043,0.173043,True,difficulty_match:0.500000>1.000000,Preference moved exactly to the resource difficulty.
C0371,preferred_difficulty,P004,R053,2,0.5,1.0,0.223012,0.273012,True,difficulty_match:0.500000>1.000000,Preference moved exactly to the resource difficulty.
C0372,preferred_difficulty,P004,R054,3,0.0,1.0,0.097724,0.197724,True,difficulty_match:0.000000>1.000000,Preference moved exactly to the resource difficulty.
C0373,preferred_difficulty,P004,R055,2,0.5,1.0,0.32754,0.37754,True,difficulty_match:0.500000>1.000000,Preference moved exactly to the resource difficulty.
C0374,preferred_difficulty,P004,R056,2,0.5,1.0,0.162602,0.212602,True,difficulty_match:0.500000>1.000000,Preference moved exactly to the resource difficulty.
C0375,preferred_difficulty,P004,R057,2,0.5,1.0,0.167398,0.217398,True,difficulty_match:0.500000>1.000000,Preference moved exactly to the resource difficulty.
C0376,preferred_difficulty,P004,R058,2,0.5,1.0,0.134839,0.184839,True,difficulty_match:0.500000>1.000000,Preference moved exactly to the resource difficulty.
C0377,preferred_difficulty,P004,R060,3,0.0,1.0,0.219713,0.319713,True,difficulty_match:0.000000>1.000000,Preference moved exactly to the resource difficulty.
C0378,preferred_difficulty,P004,R062,2,0.5,1.0,0.53262,0.58262,True,difficulty_match:0.500000>1.000000,Preference moved exactly to the resource difficulty.
C0379,preferred_difficulty,P004,R063,2,0.5,1.0,0.458795,0.508795,True,difficulty_match:0.500000>1.000000,Preference moved exactly to the resource difficulty.
C0380,preferred_difficulty,P004,R066,2,0.5,1.0,0.340313,0.402813,True,job_skill_alignment:0.083333>0.166667;difficulty_match:0.500000>1.000000,Preference moved exactly to the resource difficulty.
C0381,preferred_difficulty,P004,R067,2,0.5,1.0,0.256834,0.306834,True,difficulty_match:0.500000>1.000000,Preference moved exactly to the resource difficulty.
C0382,preferred_difficulty,P004,R068,3,0.0,1.0,0.098853,0.198853,True,difficulty_match:0.000000>1.000000,Preference moved exactly to the resource difficulty.
C0383,preferred_difficulty,P004,R069,3,0.0,1.0,0.12566,0.22566,True,difficulty_match:0.000000>1.000000,Preference moved exactly to the resource difficulty.
C0384,preferred_difficulty,P004,R071,2,0.5,1.0,0.152767,0.202767,True,difficulty_match:0.500000>1.000000,Preference moved exactly to the resource difficulty.
C0385,preferred_difficulty,P004,R072,2,0.5,1.0,0.335143,0.385143,True,difficulty_match:0.500000>1.000000,Preference moved exactly to the resource difficulty.
C0386,preferred_difficulty,P004,R073,2,0.5,1.0,0.150194,0.200194,True,difficulty_match:0.500000>1.000000,Preference moved exactly to the resource difficulty.
C0387,preferred_difficulty,P004,R074,2,0.5,1.0,0.152015,0.202015,True,difficulty_match:0.500000>1.000000,Preference moved exactly to the resource difficulty.
C0388,preferred_difficulty,P004,R075,2,0.5,1.0,0.582115,0.657115,True,job_skill_alignment:0.166667>0.333333;difficulty_match:0.500000>1.000000,Preference moved exactly to the resource difficulty.
C0389,preferred_difficulty,P004,R093,2,0.5,1.0,0.3113,0.3613,True,difficulty_match:0.500000>1.000000,Preference moved exactly to the resource difficulty.
C0390,preferred_difficulty,P004,R094,3,0.0,1.0,0.126096,0.226096,True,difficulty_match:0.000000>1.000000,Preference moved exactly to the resource difficulty.
C0391,preferred_difficulty,P004,R095,2,0.5,1.0,0.173269,0.223269,True,difficulty_match:0.500000>1.000000,Preference moved exactly to the resource difficulty.
C0392,weakness_removal,P004,R004,dashboards,0.333333,0.0,0.645285,0.590792,True,skill_gap_match:0.224490>0.208333;job_skill_alignment:0.333333>0.000000;content_similarity:0.199250>0.190180,The resource's only declared-weak overlap was removed.
C0393,weakness_removal,P004,R024,dashboards,0.333333,0.0,0.641759,0.585868,True,skill_gap_match:0.224490>0.208333;job_skill_alignment:0.333333>0.000000;content_similarity:0.292740>0.255693,The resource's only declared-weak overlap was removed.
C0394,weakness_removal,P004,R032,dashboards,0.333333,0.0,0.647681,0.592417,True,skill_gap_match:0.224490>0.208333;job_skill_alignment:0.333333>0.000000;content_similarity:0.301179>0.276683,The resource's only declared-weak overlap was removed.
C0395,weakness_removal,P004,R064,dashboards,0.333333,0.0,0.640417,0.585384,True,skill_gap_match:0.224490>0.208333;job_skill_alignment:0.333333>0.000000;content_similarity:0.162884>0.143009,The resource's only declared-weak overlap was removed.
C0396,weakness_removal,P004,R001,data_cleaning,0.333333,0.0,0.657666,0.603351,True,skill_gap_match:0.224490>0.208333;job_skill_alignment:0.333333>0.000000;content_similarity:0.284878>0.279352,The resource's only declared-weak overlap was removed.
C0397,weakness_removal,P004,R002,data_cleaning,0.166667,0.0,0.598562,0.569766,True,skill_gap_match:0.306122>0.291667;job_skill_alignment:0.166667>0.000000;content_similarity:0.302619>0.298992,The resource's only declared-weak overlap was removed.
C0398,weakness_removal,P004,R021,data_cleaning,0.333333,0.0,0.610529,0.554948,True,skill_gap_match:0.142857>0.125000;job_skill_alignment:0.333333>0.000000;content_similarity:0.137292>0.114955,The resource's only declared-weak overlap was removed.
C0399,weakness_removal,P004,R025,data_cleaning,0.333333,0.0,0.690339,0.636699,True,skill_gap_match:0.346939>0.333333;job_skill_alignment:0.333333>0.000000;content_similarity:0.337078>0.332305,The resource's only declared-weak overlap was removed.
C0400,weakness_removal,P004,R091,data_cleaning,0.333333,0.0,0.667781,0.614013,True,skill_gap_match:0.306122>0.291667;job_skill_alignment:0.333333>0.000000;content_similarity:0.256012>0.252927,The resource's only declared-weak overlap was removed.
C0401,weakness_removal,P004,R005,python,0.333333,0.0,0.567916,0.512589,True,skill_gap_match:0.224490>0.208333;job_skill_alignment:0.333333>0.000000;content_similarity:0.179546>0.153783,The resource's only declared-weak overlap was removed.
C0402,weakness_removal,P004,R008,python,0.083333,0.0,0.315902,0.298055,True,skill_gap_match:0.224490>0.208333;job_skill_alignment:0.083333>0.000000;content_similarity:0.225933>0.199759,The resource's only declared-weak overlap was removed.
C0403,weakness_removal,P004,R010,python,0.0,0.0,0.092671,0.087776,True,skill_gap_match:0.183673>0.166667;content_similarity:0.106048>0.093186,The resource's only declared-weak overlap was removed.
C0404,weakness_removal,P004,R011,python,0.0,0.0,0.125472,0.120622,True,skill_gap_match:0.183673>0.166667;content_similarity:0.089064>0.077108,The resource's only declared-weak overlap was removed.
C0405,weakness_removal,P004,R014,python,0.0,0.0,0.188224,0.183546,True,skill_gap_match:0.224490>0.208333;content_similarity:0.089023>0.076249,The resource's only declared-weak overlap was removed.
C0406,weakness_removal,P004,R022,python,0.0,0.0,0.330602,0.3257,True,skill_gap_match:0.265306>0.250000;content_similarity:0.183849>0.162343,The resource's only declared-weak overlap was removed.
C0407,weakness_removal,P004,R030,python,0.0,0.0,0.409558,0.404141,True,skill_gap_match:0.224490>0.208333;content_similarity:0.177371>0.149826,The resource's only declared-weak overlap was removed.
C0408,weakness_removal,P004,R035,python,0.0,0.0,0.365167,0.3604,True,skill_gap_match:0.346939>0.333333;content_similarity:0.263314>0.236006,The resource's only declared-weak overlap was removed.
C0409,weakness_removal,P004,R036,python,0.083333,0.0,0.344931,0.3275,True,skill_gap_match:0.224490>0.208333;job_skill_alignment:0.083333>0.000000;content_similarity:0.174496>0.156664,The resource's only declared-weak overlap was removed.
C0410,weakness_removal,P004,R037,python,0.083333,0.0,0.256109,0.238407,True,skill_gap_match:0.224490>0.208333;job_skill_alignment:0.083333>0.000000;content_similarity:0.200728>0.177474,The resource's only declared-weak overlap was removed.
C0411,weakness_removal,P004,R038,python,0.0,0.0,0.142924,0.138209,True,skill_gap_match:0.224490>0.208333;content_similarity:0.127030>0.113520,The resource's only declared-weak overlap was removed.
C0412,weakness_removal,P004,R039,python,0.0,0.0,0.154375,0.149875,True,skill_gap_match:0.265306>0.250000;content_similarity:0.136960>0.123508,The resource's only declared-weak overlap was removed.
C0413,weakness_removal,P004,R041,python,0.0,0.0,0.135701,0.131356,True,skill_gap_match:0.224490>0.208333;content_similarity:0.090578>0.084451,The resource's only declared-weak overlap was removed.
C0414,weakness_removal,P004,R043,python,0.0,0.0,0.177333,0.172127,True,skill_gap_match:0.183673>0.166667;content_similarity:0.119288>0.100198,The resource's only declared-weak overlap was removed.
C0415,weakness_removal,P004,R044,python,0.083333,0.0,0.357451,0.340865,True,skill_gap_match:0.306122>0.291667;job_skill_alignment:0.083333>0.000000;content_similarity:0.151740>0.142298,The resource's only declared-weak overlap was removed.
C0416,weakness_removal,P004,R045,python,0.0,0.0,0.095221,0.090387,True,skill_gap_match:0.183673>0.166667;content_similarity:0.096062>0.084411,The resource's only declared-weak overlap was removed.
C0417,weakness_removal,P004,R046,python,0.0,0.0,0.193544,0.188175,True,skill_gap_match:0.224490>0.208333;content_similarity:0.192438>0.165832,The resource's only declared-weak overlap was removed.
C0418,weakness_removal,P004,R050,python,0.0,0.0,0.212347,0.208212,True,skill_gap_match:0.306122>0.291667;content_similarity:0.139331>0.128901,The resource's only declared-weak overlap was removed.
C0419,weakness_removal,P004,R052,python,0.0,0.0,0.235833,0.230643,True,skill_gap_match:0.224490>0.208333;content_similarity:0.154211>0.131188,The resource's only declared-weak overlap was removed.
C0420,weakness_removal,P004,R060,python,0.0,0.0,0.219713,0.215143,True,skill_gap_match:0.224490>0.208333;content_similarity:0.091149>0.080520,The resource's only declared-weak overlap was removed.
C0421,weakness_removal,P004,R066,python,0.083333,0.0,0.340313,0.323188,True,skill_gap_match:0.224490>0.208333;job_skill_alignment:0.083333>0.000000;content_similarity:0.136141>0.124417,The resource's only declared-weak overlap was removed.
C0422,weakness_removal,P004,R069,python,0.0,0.0,0.12566,0.120831,True,skill_gap_match:0.183673>0.166667;content_similarity:0.079829>0.068294,The resource's only declared-weak overlap was removed.
C0423,weakness_removal,P004,R094,python,0.0,0.0,0.126096,0.121299,True,skill_gap_match:0.183673>0.166667;content_similarity:0.075554>0.064637,The resource's only declared-weak overlap was removed.
C0424,weakness_removal,P004,R096,python,0.0,0.0,0.329753,0.325421,True,skill_gap_match:0.265306>0.250000;content_similarity:0.085867>0.075753,The resource's only declared-weak overlap was removed.
C0425,irrelevant_completed_topic,P004,,counterfactual_irrelevant_topic,,,,,True,,"Top-ten recommendations, scores, and explanations compared exactly."
C0426,prerequisite_completion,P005,R002,sql,0.0,1.0,0.271892,0.374767,True,prerequisite_match:0.000000>1.000000;content_similarity:0.171639>0.229134,Missing prerequisites added to completed topics.
C0427,prerequisite_completion,P005,R008,statistics,0.5,1.0,0.474287,0.540342,True,job_skill_alignment:0.104167>0.208333;prerequisite_match:0.500000>1.000000;content_similarity:0.254864>0.263456,Missing prerequisites added to completed topics.
C0428,prerequisite_completion,P005,R013,programming,0.0,1.0,0.272118,0.373597,True,prerequisite_match:0.000000>1.000000;content_similarity:0.211162>0.240733,Missing prerequisites added to completed topics.
C0429,prerequisite_completion,P005,R015,sql,0.0,1.0,0.24989,0.352419,True,prerequisite_match:0.000000>1.000000;content_similarity:0.145209>0.195797,Missing prerequisites added to completed topics.
C0430,prerequisite_completion,P005,R016,programming,0.0,1.0,0.215841,0.316593,True,prerequisite_match:0.000000>1.000000;content_similarity:0.179624>0.194657,Missing prerequisites added to completed topics.
C0431,prerequisite_completion,P005,R023,statistics,0.5,1.0,0.516227,0.582259,True,job_skill_alignment:0.104167>0.208333;prerequisite_match:0.500000>1.000000;content_similarity:0.206032>0.214188,Missing prerequisites added to completed topics.
C0432,prerequisite_completion,P005,R026,sql,0.5,1.0,0.286741,0.338309,True,prerequisite_match:0.500000>1.000000;content_similarity:0.155618>0.186972,Missing prerequisites added to completed topics.
C0433,prerequisite_completion,P005,R027,sql,0.0,1.0,0.200814,0.303766,True,prerequisite_match:0.000000>1.000000;content_similarity:0.146690>0.205727,Missing prerequisites added to completed topics.
C0434,prerequisite_completion,P005,R031,statistics,0.0,1.0,0.340916,0.443684,True,prerequisite_match:0.000000>1.000000;content_similarity:0.207754>0.263123,Missing prerequisites added to completed topics.
C0435,prerequisite_completion,P005,R033,sql,0.5,1.0,0.399799,0.451943,True,prerequisite_match:0.500000>1.000000;content_similarity:0.247117>0.289992,Missing prerequisites added to completed topics.
C0436,prerequisite_completion,P005,R036,statistics,0.5,1.0,0.503781,0.569829,True,job_skill_alignment:0.104167>0.208333;prerequisite_match:0.500000>1.000000;content_similarity:0.212744>0.221197,Missing prerequisites added to completed topics.
C0437,prerequisite_completion,P005,R037,statistics,0.5,1.0,0.497666,0.563672,True,job_skill_alignment:0.104167>0.208333;prerequisite_match:0.500000>1.000000;content_similarity:0.226432>0.234065,Missing prerequisites added to completed topics.
C0438,prerequisite_completion,P005,R044,statistics,0.5,1.0,0.516965,0.583487,True,job_skill_alignment:0.104167>0.208333;prerequisite_match:0.500000>1.000000;content_similarity:0.226805>0.244737,Missing prerequisites added to completed topics.
C0439,prerequisite_completion,P005,R054,oop,0.0,1.0,0.335816,0.438439,True,prerequisite_match:0.000000>1.000000;content_similarity:0.175491>0.227967,Missing prerequisites added to completed topics.
C0440,prerequisite_completion,P005,R055,programming;sql,0.0,1.0,0.282841,0.384401,True,prerequisite_match:0.000000>1.000000;content_similarity:0.169994>0.201193,Missing prerequisites added to completed topics.
C0441,prerequisite_completion,P005,R056,programming,0.0,1.0,0.300934,0.402151,True,prerequisite_match:0.000000>1.000000;content_similarity:0.251561>0.275885,Missing prerequisites added to completed topics.
C0442,prerequisite_completion,P005,R057,programming,0.0,1.0,0.283006,0.383791,True,prerequisite_match:0.000000>1.000000;content_similarity:0.178302>0.193995,Missing prerequisites added to completed topics.
C0443,prerequisite_completion,P005,R058,programming,0.0,1.0,0.358578,0.502435,True,job_skill_alignment:0.000000>0.291667;prerequisite_match:0.000000>1.000000;content_similarity:0.326543>0.328671,Missing prerequisites added to completed topics.
C0444,prerequisite_completion,P005,R061,sql,0.0,1.0,0.187624,0.290031,True,prerequisite_match:0.000000>1.000000;content_similarity:0.103201>0.151335,Missing prerequisites added to completed topics.
C0445,prerequisite_completion,P005,R062,sql,0.0,1.0,0.248694,0.351496,True,prerequisite_match:0.000000>1.000000;content_similarity:0.133299>0.189323,Missing prerequisites added to completed topics.
C0446,prerequisite_completion,P005,R066,statistics,0.5,1.0,0.499741,0.565828,True,job_skill_alignment:0.104167>0.208333;prerequisite_match:0.500000>1.000000;content_similarity:0.185943>0.195174,Missing prerequisites added to completed topics.
C0447,prerequisite_completion,P005,R071,programming,0.0,1.0,0.258795,0.359586,True,prerequisite_match:0.000000>1.000000;content_similarity:0.126999>0.142832,Missing prerequisites added to completed topics.
C0448,prerequisite_completion,P005,R072,programming;sql,0.0,1.0,0.279031,0.38084,True,prerequisite_match:0.000000>1.000000;content_similarity:0.148105>0.184286,Missing prerequisites added to completed topics.
C0449,prerequisite_completion,P005,R073,programming,0.0,1.0,0.278479,0.379114,True,prerequisite_match:0.000000>1.000000;content_similarity:0.184076>0.196758,Missing prerequisites added to completed topics.
C0450,prerequisite_completion,P005,R074,programming,0.0,1.0,0.269336,0.370429,True,prerequisite_match:0.000000>1.000000;content_similarity:0.173513>0.195375,Missing prerequisites added to completed topics.
C0451,prerequisite_completion,P005,R075,sql,0.5,1.0,0.338111,0.389472,True,prerequisite_match:0.500000>1.000000;content_similarity:0.160408>0.187618,Missing prerequisites added to completed topics.
C0452,prerequisite_completion,P005,R091,sql,0.0,1.0,0.225906,0.327841,True,prerequisite_match:0.000000>1.000000;content_similarity:0.128611>0.167309,Missing prerequisites added to completed topics.
C0453,prerequisite_completion,P005,R092,data_visualisation,0.0,1.0,0.119582,0.220674,True,prerequisite_match:0.000000>1.000000;content_similarity:0.073405>0.095255,Missing prerequisites added to completed topics.
C0454,prerequisite_completion,P005,R095,programming,0.5,1.0,0.337902,0.388554,True,prerequisite_match:0.500000>1.000000;content_similarity:0.148216>0.161260,Missing prerequisites added to completed topics.
C0455,preferred_difficulty,P005,R001,1,0.0,1.0,0.31682,0.41682,True,difficulty_match:0.000000>1.000000,Preference moved exactly to the resource difficulty.
C0456,preferred_difficulty,P005,R002,2,0.5,1.0,0.271892,0.321892,True,difficulty_match:0.500000>1.000000,Preference moved exactly to the resource difficulty.
C0457,preferred_difficulty,P005,R003,1,0.0,1.0,0.205408,0.305408,True,difficulty_match:0.000000>1.000000,Preference moved exactly to the resource difficulty.
C0458,preferred_difficulty,P005,R004,1,0.0,1.0,0.201903,0.301903,True,difficulty_match:0.000000>1.000000,Preference moved exactly to the resource difficulty.
C0459,preferred_difficulty,P005,R005,1,0.0,1.0,0.399102,0.499102,True,difficulty_match:0.000000>1.000000,Preference moved exactly to the resource difficulty.
C0460,preferred_difficulty,P005,R006,2,0.5,1.0,0.450959,0.500959,True,difficulty_match:0.500000>1.000000,Preference moved exactly to the resource difficulty.
C0461,preferred_difficulty,P005,R007,1,0.0,1.0,0.370587,0.470587,True,difficulty_match:0.000000>1.000000,Preference moved exactly to the resource difficulty.
C0462,preferred_difficulty,P005,R008,2,0.5,1.0,0.474287,0.539912,True,job_skill_alignment:0.104167>0.208333;difficulty_match:0.500000>1.000000,Preference moved exactly to the resource difficulty.
C0463,preferred_difficulty,P005,R009,2,0.5,1.0,0.574571,0.655821,True,job_skill_alignment:0.208333>0.416667;difficulty_match:0.500000>1.000000,Preference moved exactly to the resource difficulty.
C0464,preferred_difficulty,P005,R012,1,0.0,1.0,0.36338,0.46338,True,difficulty_match:0.000000>1.000000,Preference moved exactly to the resource difficulty.
C0465,preferred_difficulty,P005,R013,2,0.5,1.0,0.272118,0.322118,True,difficulty_match:0.500000>1.000000,Preference moved exactly to the resource difficulty.
C0466,preferred_difficulty,P005,R014,2,0.5,1.0,0.531206,0.624956,True,job_skill_alignment:0.291667>0.583333;difficulty_match:0.500000>1.000000,Preference moved exactly to the resource difficulty.
C0467,preferred_difficulty,P005,R015,2,0.5,1.0,0.24989,0.29989,True,difficulty_match:0.500000>1.000000,Preference moved exactly to the resource difficulty.
C0468,preferred_difficulty,P005,R016,1,0.0,1.0,0.215841,0.315841,True,difficulty_match:0.000000>1.000000,Preference moved exactly to the resource difficulty.
C0469,preferred_difficulty,P005,R017,2,0.5,1.0,0.433812,0.483812,True,difficulty_match:0.500000>1.000000,Preference moved exactly to the resource difficulty.
C0470,preferred_difficulty,P005,R021,1,0.0,1.0,0.274289,0.374289,True,difficulty_match:0.000000>1.000000,Preference moved exactly to the resource difficulty.
C0471,preferred_difficulty,P005,R022,1,0.0,1.0,0.312774,0.412774,True,difficulty_match:0.000000>1.000000,Preference moved exactly to the resource difficulty.
C0472,preferred_difficulty,P005,R023,2,0.5,1.0,0.516227,0.581852,True,job_skill_alignment:0.104167>0.208333;difficulty_match:0.500000>1.000000,Preference moved exactly to the resource difficulty.
C0473,preferred_difficulty,P005,R024,1,0.0,1.0,0.192304,0.292304,True,difficulty_match:0.000000>1.000000,Preference moved exactly to the resource difficulty.
C0474,preferred_difficulty,P005,R025,1,0.0,1.0,0.251196,0.351196,True,difficulty_match:0.000000>1.000000,Preference moved exactly to the resource difficulty.
C0475,preferred_difficulty,P005,R026,2,0.5,1.0,0.286741,0.336741,True,difficulty_match:0.500000>1.000000,Preference moved exactly to the resource difficulty.
C0476,preferred_difficulty,P005,R027,1,0.0,1.0,0.200814,0.300814,True,difficulty_match:0.000000>1.000000,Preference moved exactly to the resource difficulty.
C0477,preferred_difficulty,P005,R028,1,0.0,1.0,0.221761,0.321761,True,difficulty_match:0.000000>1.000000,Preference moved exactly to the resource difficulty.
C0478,preferred_difficulty,P005,R029,2,0.5,1.0,0.475932,0.525932,True,difficulty_match:0.500000>1.000000,Preference moved exactly to the resource difficulty.
C0479,preferred_difficulty,P005,R030,1,0.0,1.0,0.390066,0.490066,True,difficulty_match:0.000000>1.000000,Preference moved exactly to the resource difficulty.
C0480,preferred_difficulty,P005,R031,2,0.5,1.0,0.340916,0.390916,True,difficulty_match:0.500000>1.000000,Preference moved exactly to the resource difficulty.
C0481,preferred_difficulty,P005,R032,1,0.0,1.0,0.199371,0.299371,True,difficulty_match:0.000000>1.000000,Preference moved exactly to the resource difficulty.
C0482,preferred_difficulty,P005,R033,2,0.5,1.0,0.399799,0.449799,True,difficulty_match:0.500000>1.000000,Preference moved exactly to the resource difficulty.
C0483,preferred_difficulty,P005,R034,1,0.0,1.0,0.299698,0.399698,True,difficulty_match:0.000000>1.000000,Preference moved exactly to the resource difficulty.
C0484,preferred_difficulty,P005,R035,2,0.5,1.0,0.516041,0.566041,True,difficulty_match:0.500000>1.000000,Preference moved exactly to the resource difficulty.
C0485,preferred_difficulty,P005,R036,2,0.5,1.0,0.503781,0.569406,True,job_skill_alignment:0.104167>0.208333;difficulty_match:0.500000>1.000000,Preference moved exactly to the resource difficulty.
C0486,preferred_difficulty,P005,R037,2,0.5,1.0,0.497666,0.563291,True,job_skill_alignment:0.104167>0.208333;difficulty_match:0.500000>1.000000,Preference moved exactly to the resource difficulty.
C0487,preferred_difficulty,P005,R043,2,0.5,1.0,0.596371,0.690121,True,job_skill_alignment:0.291667>0.583333;difficulty_match:0.500000>1.000000,Preference moved exactly to the resource difficulty.
C0488,preferred_difficulty,P005,R044,2,0.5,1.0,0.516965,0.58259,True,job_skill_alignment:0.104167>0.208333;difficulty_match:0.500000>1.000000,Preference moved exactly to the resource difficulty.
C0489,preferred_difficulty,P005,R046,2,0.5,1.0,0.402446,0.452446,True,difficulty_match:0.500000>1.000000,Preference moved exactly to the resource difficulty.
C0490,preferred_difficulty,P005,R050,2,0.5,1.0,0.378643,0.428643,True,difficulty_match:0.500000>1.000000,Preference moved exactly to the resource difficulty.
C0491,preferred_difficulty,P005,R051,2,0.5,1.0,0.345106,0.395106,True,difficulty_match:0.500000>1.000000,Preference moved exactly to the resource difficulty.
C0492,preferred_difficulty,P005,R052,1,0.0,1.0,0.323214,0.423214,True,difficulty_match:0.000000>1.000000,Preference moved exactly to the resource difficulty.
C0493,preferred_difficulty,P005,R053,2,0.5,1.0,0.42913,0.47913,True,difficulty_match:0.500000>1.000000,Preference moved exactly to the resource difficulty.
C0494,preferred_difficulty,P005,R055,2,0.5,1.0,0.282841,0.332841,True,difficulty_match:0.500000>1.000000,Preference moved exactly to the resource difficulty.
C0495,preferred_difficulty,P005,R056,2,0.5,1.0,0.300934,0.350934,True,difficulty_match:0.500000>1.000000,Preference moved exactly to the resource difficulty.
C0496,preferred_difficulty,P005,R057,2,0.5,1.0,0.283006,0.333006,True,difficulty_match:0.500000>1.000000,Preference moved exactly to the resource difficulty.
C0497,preferred_difficulty,P005,R058,2,0.5,1.0,0.358578,0.408578,True,difficulty_match:0.500000>1.000000,Preference moved exactly to the resource difficulty.
C0498,preferred_difficulty,P005,R061,1,0.0,1.0,0.187624,0.287624,True,difficulty_match:0.000000>1.000000,Preference moved exactly to the resource difficulty.
C0499,preferred_difficulty,P005,R062,2,0.5,1.0,0.248694,0.298694,True,difficulty_match:0.500000>1.000000,Preference moved exactly to the resource difficulty.
C0500,preferred_difficulty,P005,R063,2,0.5,1.0,0.42898,0.47898,True,difficulty_match:0.500000>1.000000,Preference moved exactly to the resource difficulty.
C0501,preferred_difficulty,P005,R064,1,0.0,1.0,0.196547,0.296547,True,difficulty_match:0.000000>1.000000,Preference moved exactly to the resource difficulty.
C0502,preferred_difficulty,P005,R065,1,0.0,1.0,0.367847,0.467847,True,difficulty_match:0.000000>1.000000,Preference moved exactly to the resource difficulty.
C0503,preferred_difficulty,P005,R066,2,0.5,1.0,0.499741,0.565366,True,job_skill_alignment:0.104167>0.208333;difficulty_match:0.500000>1.000000,Preference moved exactly to the resource difficulty.
C0504,preferred_difficulty,P005,R067,2,0.5,1.0,0.57204,0.65329,True,job_skill_alignment:0.208333>0.416667;difficulty_match:0.500000>1.000000,Preference moved exactly to the resource difficulty.
C0505,preferred_difficulty,P005,R070,1,0.0,1.0,0.361537,0.461537,True,difficulty_match:0.000000>1.000000,Preference moved exactly to the resource difficulty.
C0506,preferred_difficulty,P005,R071,2,0.5,1.0,0.258795,0.308795,True,difficulty_match:0.500000>1.000000,Preference moved exactly to the resource difficulty.
C0507,preferred_difficulty,P005,R072,2,0.5,1.0,0.279031,0.329031,True,difficulty_match:0.500000>1.000000,Preference moved exactly to the resource difficulty.
C0508,preferred_difficulty,P005,R073,2,0.5,1.0,0.278479,0.328479,True,difficulty_match:0.500000>1.000000,Preference moved exactly to the resource difficulty.
C0509,preferred_difficulty,P005,R074,2,0.5,1.0,0.269336,0.319336,True,difficulty_match:0.500000>1.000000,Preference moved exactly to the resource difficulty.
C0510,preferred_difficulty,P005,R075,2,0.5,1.0,0.338111,0.388111,True,difficulty_match:0.500000>1.000000,Preference moved exactly to the resource difficulty.
C0511,preferred_difficulty,P005,R091,1,0.0,1.0,0.225906,0.325906,True,difficulty_match:0.000000>1.000000,Preference moved exactly to the resource difficulty.
C0512,preferred_difficulty,P005,R092,1,0.0,1.0,0.119582,0.219582,True,difficulty_match:0.000000>1.000000,Preference moved exactly to the resource difficulty.
C0513,preferred_difficulty,P005,R093,2,0.5,1.0,0.582326,0.663576,True,job_skill_alignment:0.208333>0.416667;difficulty_match:0.500000>1.000000,Preference moved exactly to the resource difficulty.
C0514,preferred_difficulty,P005,R095,2,0.5,1.0,0.337902,0.387902,True,difficulty_match:0.500000>1.000000,Preference moved exactly to the resource difficulty.
C0515,preferred_difficulty,P005,R096,1,0.0,1.0,0.332307,0.432307,True,difficulty_match:0.000000>1.000000,Preference moved exactly to the resource difficulty.
C0516,weakness_removal,P005,R011,deployment,0.583333,0.0,0.694612,0.602856,True,skill_gap_match:0.250000>0.235294;job_skill_alignment:0.583333>0.000000;content_similarity:0.390236>0.378656,The resource's only declared-weak overlap was removed.
C0517,weakness_removal,P005,R014,deployment,0.291667,0.0,0.531206,0.483902,True,skill_gap_match:0.326923>0.313725;job_skill_alignment:0.291667>0.000000;content_similarity:0.228167>0.223072,The resource's only declared-weak overlap was removed.
C0518,weakness_removal,P005,R040,deployment,0.583333,0.0,0.679311,0.586278,True,skill_gap_match:0.211538>0.196078;job_skill_alignment:0.583333>0.000000;content_similarity:0.370520>0.337164,The resource's only declared-weak overlap was removed.
C0519,weakness_removal,P005,R043,deployment,0.291667,0.0,0.596371,0.548065,True,skill_gap_match:0.250000>0.235294;job_skill_alignment:0.291667>0.000000;content_similarity:0.293429>0.275827,The resource's only declared-weak overlap was removed.
C0520,weakness_removal,P005,R058,deployment,0.0,0.0,0.358578,0.35319,True,skill_gap_match:0.211538>0.196078;content_similarity:0.326543>0.296066,The resource's only declared-weak overlap was removed.
C0521,weakness_removal,P005,R069,deployment,0.583333,0.0,0.695416,0.603004,True,skill_gap_match:0.250000>0.235294;job_skill_alignment:0.583333>0.000000;content_similarity:0.393320>0.368617,The resource's only declared-weak overlap was removed.
C0522,weakness_removal,P005,R094,deployment,0.583333,0.0,0.688419,0.597135,True,skill_gap_match:0.250000>0.235294;job_skill_alignment:0.583333>0.000000;content_similarity:0.240372>0.238236,The resource's only declared-weak overlap was removed.
C0523,weakness_removal,P005,R008,model_evaluation,0.104167,0.0,0.474287,0.454283,True,skill_gap_match:0.173077>0.156863;job_skill_alignment:0.104167>0.000000;content_similarity:0.254864>0.248337,The resource's only declared-weak overlap was removed.
C0524,weakness_removal,P005,R009,model_evaluation,0.208333,0.0,0.574571,0.538277,True,skill_gap_match:0.211538>0.196078;job_skill_alignment:0.208333>0.000000;content_similarity:0.219729>0.196139,The resource's only declared-weak overlap was removed.
C0525,weakness_removal,P005,R023,model_evaluation,0.104167,0.0,0.516227,0.496597,True,skill_gap_match:0.250000>0.235294;job_skill_alignment:0.104167>0.000000;content_similarity:0.206032>0.199478,The resource's only declared-weak overlap was removed.
C0526,weakness_removal,P005,R036,model_evaluation,0.104167,0.0,0.503781,0.483763,True,skill_gap_match:0.173077>0.156863;job_skill_alignment:0.104167>0.000000;content_similarity:0.212744>0.205943,The resource's only declared-weak overlap was removed.
C0527,weakness_removal,P005,R037,model_evaluation,0.104167,0.0,0.497666,0.477697,True,skill_gap_match:0.173077>0.156863;job_skill_alignment:0.104167>0.000000;content_similarity:0.226432>0.220633,The resource's only declared-weak overlap was removed.
C0528,weakness_removal,P005,R044,model_evaluation,0.104167,0.0,0.516965,0.49683,True,skill_gap_match:0.250000>0.235294;job_skill_alignment:0.104167>0.000000;content_similarity:0.226805>0.210139,The resource's only declared-weak overlap was removed.
C0529,weakness_removal,P005,R060,model_evaluation,0.416667,0.0,0.638609,0.571685,True,skill_gap_match:0.173077>0.156863;job_skill_alignment:0.416667>0.000000;content_similarity:0.142786>0.135395,The resource's only declared-weak overlap was removed.
C0530,weakness_removal,P005,R066,model_evaluation,0.104167,0.0,0.499741,0.479668,True,skill_gap_match:0.173077>0.156863;job_skill_alignment:0.104167>0.000000;content_similarity:0.185943>0.178054,The resource's only declared-weak overlap was removed.
C0531,weakness_removal,P005,R067,model_evaluation,0.208333,0.0,0.57204,0.535943,True,skill_gap_match:0.211538>0.196078;job_skill_alignment:0.208333>0.000000;content_similarity:0.175102>0.155475,The resource's only declared-weak overlap was removed.
C0532,weakness_removal,P005,R093,model_evaluation,0.208333,0.0,0.582326,0.547115,True,skill_gap_match:0.250000>0.235294;job_skill_alignment:0.208333>0.000000;content_similarity:0.175526>0.169826,The resource's only declared-weak overlap was removed.
C0533,irrelevant_completed_topic,P005,,counterfactual_irrelevant_topic,,,,,True,,"Top-ten recommendations, scores, and explanations compared exactly."
C0534,prerequisite_completion,P006,R002,sql,0.0,1.0,0.363421,0.480689,True,job_skill_alignment:0.000000>0.100000;prerequisite_match:0.000000>1.000000;content_similarity:0.156736>0.202099,Missing prerequisites added to completed topics.
C0535,prerequisite_completion,P006,R006,python,0.0,1.0,0.242317,0.342865,True,prerequisite_match:0.000000>1.000000;content_similarity:0.060366>0.071309,Missing prerequisites added to completed topics.
C0536,prerequisite_completion,P006,R008,python;statistics,0.0,1.0,0.132629,0.234378,True,prerequisite_match:0.000000>1.000000;content_similarity:0.073267>0.108241,Missing prerequisites added to completed topics.
C0537,prerequisite_completion,P006,R009,machine_learning,0.0,1.0,0.232041,0.332848,True,prerequisite_match:0.000000>1.000000;content_similarity:0.034272>0.050406,Missing prerequisites added to completed topics.
C0538,prerequisite_completion,P006,R010,machine_learning;python,0.0,1.0,0.060244,0.161989,True,prerequisite_match:0.000000>1.000000;content_similarity:0.024996>0.059896,Missing prerequisites added to completed topics.
C0539,prerequisite_completion,P006,R011,apis;machine_learning;python,0.0,1.0,0.319781,0.422314,True,prerequisite_match:0.000000>1.000000;content_similarity:0.244491>0.295157,Missing prerequisites added to completed topics.
C0540,prerequisite_completion,P006,R014,python,0.0,1.0,0.470398,0.58593,True,job_skill_alignment:0.000000>0.100000;prerequisite_match:0.000000>1.000000;content_similarity:0.188294>0.198939,Missing prerequisites added to completed topics.
C0541,prerequisite_completion,P006,R015,sql,0.0,1.0,0.438413,0.555366,True,job_skill_alignment:0.000000>0.100000;prerequisite_match:0.000000>1.000000;content_similarity:0.194357>0.233417,Missing prerequisites added to completed topics.
C0542,prerequisite_completion,P006,R017,python,0.0,1.0,0.15019,0.251385,True,prerequisite_match:0.000000>1.000000;content_similarity:0.048918>0.072827,Missing prerequisites added to completed topics.
C0543,prerequisite_completion,P006,R022,python,0.0,1.0,0.496704,0.627677,True,job_skill_alignment:0.000000>0.200000;prerequisite_match:0.000000>1.000000;content_similarity:0.183287>0.202757,Missing prerequisites added to completed topics.
C0544,prerequisite_completion,P006,R023,python;statistics,0.0,1.0,0.166326,0.267324,True,prerequisite_match:0.000000>1.000000;content_similarity:0.068763>0.088720,Missing prerequisites added to completed topics.
C0545,prerequisite_completion,P006,R026,python;sql,0.0,1.0,0.136892,0.238888,True,prerequisite_match:0.000000>1.000000;content_similarity:0.085092>0.125014,Missing prerequisites added to completed topics.
C0546,prerequisite_completion,P006,R027,sql,0.0,1.0,0.403644,0.535956,True,job_skill_alignment:0.000000>0.200000;prerequisite_match:0.000000>1.000000;content_similarity:0.148633>0.194865,Missing prerequisites added to completed topics.
C0547,prerequisite_completion,P006,R029,python,0.0,1.0,0.17268,0.273746,True,prerequisite_match:0.000000>1.000000;content_similarity:0.078845>0.100156,Missing prerequisites added to completed topics.
C0548,prerequisite_completion,P006,R030,python,0.0,1.0,0.300558,0.401814,True,prerequisite_match:0.000000>1.000000;content_similarity:0.084733>0.109866,Missing prerequisites added to completed topics.
C0549,prerequisite_completion,P006,R031,statistics,0.0,1.0,0.141596,0.243865,True,prerequisite_match:0.000000>1.000000;content_similarity:0.148482>0.193853,Missing prerequisites added to completed topics.
C0550,prerequisite_completion,P006,R033,python;sql,0.0,1.0,0.256836,0.359588,True,prerequisite_match:0.000000>1.000000;content_similarity:0.138853>0.193901,Missing prerequisites added to completed topics.
C0551,prerequisite_completion,P006,R035,python,0.0,1.0,0.128099,0.229423,True,prerequisite_match:0.000000>1.000000;content_similarity:0.063667>0.090136,Missing prerequisites added to completed topics.
C0552,prerequisite_completion,P006,R036,python;statistics,0.0,1.0,0.163365,0.264701,True,prerequisite_match:0.000000>1.000000;content_similarity:0.055976>0.082696,Missing prerequisites added to completed topics.
C0553,prerequisite_completion,P006,R037,python;statistics,0.0,1.0,0.15702,0.258574,True,prerequisite_match:0.000000>1.000000;content_similarity:0.065093>0.096166,Missing prerequisites added to completed topics.
C0554,prerequisite_completion,P006,R038,machine_learning;python,0.0,1.0,0.212165,0.314004,True,prerequisite_match:0.000000>1.000000;content_similarity:0.090450>0.127219,Missing prerequisites added to completed topics.
C0555,prerequisite_completion,P006,R039,machine_learning;python,0.0,1.0,0.247616,0.349024,True,prerequisite_match:0.000000>1.000000;content_similarity:0.170433>0.198584,Missing prerequisites added to completed topics.
C0556,prerequisite_completion,P006,R040,machine_learning;python,0.0,1.0,0.292188,0.393222,True,prerequisite_match:0.000000>1.000000;content_similarity:0.137522>0.158197,Missing prerequisites added to completed topics.
C0557,prerequisite_completion,P006,R041,machine_learning,0.0,1.0,0.121994,0.222796,True,prerequisite_match:0.000000>1.000000;content_similarity:0.061694>0.077720,Missing prerequisites added to completed topics.
C0558,prerequisite_completion,P006,R042,machine_learning,0.0,1.0,0.098351,0.199041,True,prerequisite_match:0.000000>1.000000;content_similarity:0.041708>0.055513,Missing prerequisites added to completed topics.
C0559,prerequisite_completion,P006,R043,python,0.0,1.0,0.447669,0.563511,True,job_skill_alignment:0.000000>0.100000;prerequisite_match:0.000000>1.000000;content_similarity:0.128591>0.145426,Missing prerequisites added to completed topics.
C0560,prerequisite_completion,P006,R044,python;statistics,0.0,1.0,0.166091,0.267429,True,prerequisite_match:0.000000>1.000000;content_similarity:0.070061>0.096824,Missing prerequisites added to completed topics.
C0561,prerequisite_completion,P006,R045,machine_learning;python,0.0,1.0,0.063176,0.164757,True,prerequisite_match:0.000000>1.000000;content_similarity:0.022642>0.054256,Missing prerequisites added to completed topics.
C0562,prerequisite_completion,P006,R046,python,0.0,1.0,0.492153,0.62328,True,job_skill_alignment:0.000000>0.200000;prerequisite_match:0.000000>1.000000;content_similarity:0.357233>0.379781,Missing prerequisites added to completed topics.
C0563,prerequisite_completion,P006,R050,python,0.0,1.0,0.487207,0.617664,True,job_skill_alignment:0.000000>0.200000;prerequisite_match:0.000000>1.000000;content_similarity:0.237320>0.246451,Missing prerequisites added to completed topics.
C0564,prerequisite_completion,P006,R051,apis,0.0,1.0,0.449549,0.580525,True,job_skill_alignment:0.000000>0.200000;prerequisite_match:0.000000>1.000000;content_similarity:0.307917>0.327438,Missing prerequisites added to completed topics.
C0565,prerequisite_completion,P006,R052,python,0.0,1.0,0.499623,0.630616,True,job_skill_alignment:0.000000>0.200000;prerequisite_match:0.000000>1.000000;content_similarity:0.236669>0.256527,Missing prerequisites added to completed topics.
C0566,prerequisite_completion,P006,R053,version_control,0.0,1.0,0.451622,0.583012,True,job_skill_alignment:0.000000>0.200000;prerequisite_match:0.000000>1.000000;content_similarity:0.260375>0.288164,Missing prerequisites added to completed topics.
C0567,prerequisite_completion,P006,R054,oop,0.0,1.0,0.421194,0.522624,True,prerequisite_match:0.000000>1.000000;content_similarity:0.316942>0.345540,Missing prerequisites added to completed topics.
C0568,prerequisite_completion,P006,R055,sql,0.5,1.0,0.54857,0.614285,True,job_skill_alignment:0.100000>0.200000;prerequisite_match:0.500000>1.000000;content_similarity:0.267582>0.281876,Missing prerequisites added to completed topics.
C0569,prerequisite_completion,P006,R060,machine_learning;python,0.0,1.0,0.103502,0.204633,True,prerequisite_match:0.000000>1.000000;content_similarity:0.029724>0.052337,Missing prerequisites added to completed topics.
C0570,prerequisite_completion,P006,R061,sql,0.0,1.0,0.368066,0.469964,True,prerequisite_match:0.000000>1.000000;content_similarity:0.079108>0.117079,Missing prerequisites added to completed topics.
C0571,prerequisite_completion,P006,R062,sql,0.0,1.0,0.351799,0.468988,True,job_skill_alignment:0.000000>0.100000;prerequisite_match:0.000000>1.000000;content_similarity:0.140733>0.184507,Missing prerequisites added to completed topics.
C0572,prerequisite_completion,P006,R063,python,0.0,1.0,0.240525,0.341019,True,prerequisite_match:0.000000>1.000000;content_similarity:0.040524>0.050405,Missing prerequisites added to completed topics.
C0573,prerequisite_completion,P006,R066,python;statistics,0.0,1.0,0.160106,0.261175,True,prerequisite_match:0.000000>1.000000;content_similarity:0.044804>0.066192,Missing prerequisites added to completed topics.
C0574,prerequisite_completion,P006,R067,machine_learning,0.0,1.0,0.148106,0.24877,True,prerequisite_match:0.000000>1.000000;content_similarity:0.028234>0.041527,Missing prerequisites added to completed topics.
C0575,prerequisite_completion,P006,R068,machine_learning,0.0,1.0,0.190445,0.291112,True,prerequisite_match:0.000000>1.000000;content_similarity:0.073914>0.087248,Missing prerequisites added to completed topics.
C0576,prerequisite_completion,P006,R069,apis;machine_learning;python,0.0,1.0,0.316735,0.418446,True,prerequisite_match:0.000000>1.000000;content_similarity:0.170575>0.204788,Missing prerequisites added to completed topics.
C0577,prerequisite_completion,P006,R072,sql,0.5,1.0,0.516521,0.574839,True,job_skill_alignment:0.050000>0.100000;prerequisite_match:0.500000>1.000000;content_similarity:0.252628>0.268994,Missing prerequisites added to completed topics.
C0578,prerequisite_completion,P006,R075,python;sql,0.0,1.0,0.177509,0.279264,True,prerequisite_match:0.000000>1.000000;content_similarity:0.083979>0.119096,Missing prerequisites added to completed topics.
C0579,prerequisite_completion,P006,R091,sql,0.0,1.0,0.217632,0.319186,True,prerequisite_match:0.000000>1.000000;content_similarity:0.081895>0.112970,Missing prerequisites added to completed topics.
C0580,prerequisite_completion,P006,R092,data_visualisation,0.0,1.0,0.186704,0.287625,True,prerequisite_match:0.000000>1.000000;content_similarity:0.009643>0.028054,Missing prerequisites added to completed topics.
C0581,prerequisite_completion,P006,R093,machine_learning;python,0.0,1.0,0.166778,0.267846,True,prerequisite_match:0.000000>1.000000;content_similarity:0.037799>0.059163,Missing prerequisites added to completed topics.
C0582,prerequisite_completion,P006,R094,apis;machine_learning;python,0.0,1.0,0.314906,0.416593,True,prerequisite_match:0.000000>1.000000;content_similarity:0.121002>0.154737,Missing prerequisites added to completed topics.
C0583,prerequisite_completion,P006,R095,apis,0.5,1.0,0.574726,0.647672,True,job_skill_alignment:0.150000>0.300000;prerequisite_match:0.500000>1.000000;content_similarity:0.254532>0.263450,Missing prerequisites added to completed topics.
C0584,prerequisite_completion,P006,R096,python,0.0,1.0,0.529727,0.690161,True,job_skill_alignment:0.000000>0.400000;prerequisite_match:0.000000>1.000000;content_similarity:0.148719>0.157397,Missing prerequisites added to completed topics.
C0585,skill_improvement,P006,R012,version_control,0.122807,0.0,0.600764,0.534707,True,skill_gap_match:0.122807>0.000000;job_skill_alignment:0.200000>0.000000;content_similarity:0.137240>0.030150,Skill raised to pathway requirement and weak flag removed.
C0586,skill_improvement,P006,R070,version_control,0.122807,0.0,0.59949,0.533023,True,skill_gap_match:0.122807>0.000000;job_skill_alignment:0.200000>0.000000;content_similarity:0.147759>0.032460,Skill raised to pathway requirement and weak flag removed.
C0587,preferred_difficulty,P006,R002,2,0.5,1.0,0.363421,0.413421,True,difficulty_match:0.500000>1.000000,Preference moved exactly to the resource difficulty.
C0588,preferred_difficulty,P006,R006,2,0.5,1.0,0.242317,0.292317,True,difficulty_match:0.500000>1.000000,Preference moved exactly to the resource difficulty.
C0589,preferred_difficulty,P006,R008,2,0.5,1.0,0.132629,0.182629,True,difficulty_match:0.500000>1.000000,Preference moved exactly to the resource difficulty.
C0590,preferred_difficulty,P006,R009,2,0.5,1.0,0.232041,0.282041,True,difficulty_match:0.500000>1.000000,Preference moved exactly to the resource difficulty.
C0591,preferred_difficulty,P006,R010,3,0.0,1.0,0.060244,0.160244,True,difficulty_match:0.000000>1.000000,Preference moved exactly to the resource difficulty.
C0592,preferred_difficulty,P006,R011,3,0.0,1.0,0.319781,0.419781,True,difficulty_match:0.000000>1.000000,Preference moved exactly to the resource difficulty.
C0593,preferred_difficulty,P006,R013,2,0.5,1.0,0.557829,0.622829,True,job_skill_alignment:0.100000>0.200000;difficulty_match:0.500000>1.000000,Preference moved exactly to the resource difficulty.
C0594,preferred_difficulty,P006,R014,2,0.5,1.0,0.470398,0.520398,True,difficulty_match:0.500000>1.000000,Preference moved exactly to the resource difficulty.
C0595,preferred_difficulty,P006,R015,2,0.5,1.0,0.438413,0.488413,True,difficulty_match:0.500000>1.000000,Preference moved exactly to the resource difficulty.
C0596,preferred_difficulty,P006,R017,2,0.5,1.0,0.15019,0.20019,True,difficulty_match:0.500000>1.000000,Preference moved exactly to the resource difficulty.
C0597,preferred_difficulty,P006,R023,2,0.5,1.0,0.166326,0.216326,True,difficulty_match:0.500000>1.000000,Preference moved exactly to the resource difficulty.
C0598,preferred_difficulty,P006,R026,2,0.5,1.0,0.136892,0.186892,True,difficulty_match:0.500000>1.000000,Preference moved exactly to the resource difficulty.
C0599,preferred_difficulty,P006,R029,2,0.5,1.0,0.17268,0.22268,True,difficulty_match:0.500000>1.000000,Preference moved exactly to the resource difficulty.
C0600,preferred_difficulty,P006,R031,2,0.5,1.0,0.141596,0.191596,True,difficulty_match:0.500000>1.000000,Preference moved exactly to the resource difficulty.
C0601,preferred_difficulty,P006,R033,2,0.5,1.0,0.256836,0.306836,True,difficulty_match:0.500000>1.000000,Preference moved exactly to the resource difficulty.
C0602,preferred_difficulty,P006,R035,2,0.5,1.0,0.128099,0.178099,True,difficulty_match:0.500000>1.000000,Preference moved exactly to the resource difficulty.
C0603,preferred_difficulty,P006,R036,2,0.5,1.0,0.163365,0.213365,True,difficulty_match:0.500000>1.000000,Preference moved exactly to the resource difficulty.
C0604,preferred_difficulty,P006,R037,2,0.5,1.0,0.15702,0.20702,True,difficulty_match:0.500000>1.000000,Preference moved exactly to the resource difficulty.
C0605,preferred_difficulty,P006,R038,3,0.0,1.0,0.212165,0.312165,True,difficulty_match:0.000000>1.000000,Preference moved exactly to the resource difficulty.
C0606,preferred_difficulty,P006,R039,3,0.0,1.0,0.247616,0.347616,True,difficulty_match:0.000000>1.000000,Preference moved exactly to the resource difficulty.
C0607,preferred_difficulty,P006,R040,3,0.0,1.0,0.292188,0.392188,True,difficulty_match:0.000000>1.000000,Preference moved exactly to the resource difficulty.
C0608,preferred_difficulty,P006,R041,3,0.0,1.0,0.121994,0.221994,True,difficulty_match:0.000000>1.000000,Preference moved exactly to the resource difficulty.
C0609,preferred_difficulty,P006,R042,3,0.0,1.0,0.098351,0.198351,True,difficulty_match:0.000000>1.000000,Preference moved exactly to the resource difficulty.
C0610,preferred_difficulty,P006,R043,2,0.5,1.0,0.447669,0.497669,True,difficulty_match:0.500000>1.000000,Preference moved exactly to the resource difficulty.
C0611,preferred_difficulty,P006,R044,2,0.5,1.0,0.166091,0.216091,True,difficulty_match:0.500000>1.000000,Preference moved exactly to the resource difficulty.
C0612,preferred_difficulty,P006,R045,3,0.0,1.0,0.063176,0.163176,True,difficulty_match:0.000000>1.000000,Preference moved exactly to the resource difficulty.
C0613,preferred_difficulty,P006,R046,2,0.5,1.0,0.492153,0.542153,True,difficulty_match:0.500000>1.000000,Preference moved exactly to the resource difficulty.
C0614,preferred_difficulty,P006,R050,2,0.5,1.0,0.487207,0.537207,True,difficulty_match:0.500000>1.000000,Preference moved exactly to the resource difficulty.
C0615,preferred_difficulty,P006,R051,2,0.5,1.0,0.449549,0.499549,True,difficulty_match:0.500000>1.000000,Preference moved exactly to the resource difficulty.
C0616,preferred_difficulty,P006,R053,2,0.5,1.0,0.451622,0.501622,True,difficulty_match:0.500000>1.000000,Preference moved exactly to the resource difficulty.
C0617,preferred_difficulty,P006,R054,3,0.0,1.0,0.421194,0.521194,True,difficulty_match:0.000000>1.000000,Preference moved exactly to the resource difficulty.
C0618,preferred_difficulty,P006,R055,2,0.5,1.0,0.54857,0.61357,True,job_skill_alignment:0.100000>0.200000;difficulty_match:0.500000>1.000000,Preference moved exactly to the resource difficulty.
C0619,preferred_difficulty,P006,R056,2,0.5,1.0,0.653563,0.748563,True,job_skill_alignment:0.300000>0.600000;difficulty_match:0.500000>1.000000,Preference moved exactly to the resource difficulty.
C0620,preferred_difficulty,P006,R057,2,0.5,1.0,0.641564,0.736564,True,job_skill_alignment:0.300000>0.600000;difficulty_match:0.500000>1.000000,Preference moved exactly to the resource difficulty.
C0621,preferred_difficulty,P006,R058,2,0.5,1.0,0.508808,0.588808,True,job_skill_alignment:0.200000>0.400000;difficulty_match:0.500000>1.000000,Preference moved exactly to the resource difficulty.
C0622,preferred_difficulty,P006,R060,3,0.0,1.0,0.103502,0.203502,True,difficulty_match:0.000000>1.000000,Preference moved exactly to the resource difficulty.
C0623,preferred_difficulty,P006,R062,2,0.5,1.0,0.351799,0.401799,True,difficulty_match:0.500000>1.000000,Preference moved exactly to the resource difficulty.
C0624,preferred_difficulty,P006,R063,2,0.5,1.0,0.240525,0.290525,True,difficulty_match:0.500000>1.000000,Preference moved exactly to the resource difficulty.
C0625,preferred_difficulty,P006,R066,2,0.5,1.0,0.160106,0.210106,True,difficulty_match:0.500000>1.000000,Preference moved exactly to the resource difficulty.
C0626,preferred_difficulty,P006,R067,2,0.5,1.0,0.148106,0.198106,True,difficulty_match:0.500000>1.000000,Preference moved exactly to the resource difficulty.
C0627,preferred_difficulty,P006,R068,3,0.0,1.0,0.190445,0.290445,True,difficulty_match:0.000000>1.000000,Preference moved exactly to the resource difficulty.
C0628,preferred_difficulty,P006,R069,3,0.0,1.0,0.316735,0.416735,True,difficulty_match:0.000000>1.000000,Preference moved exactly to the resource difficulty.
C0629,preferred_difficulty,P006,R071,2,0.5,1.0,0.551278,0.616278,True,job_skill_alignment:0.100000>0.200000;difficulty_match:0.500000>1.000000,Preference moved exactly to the resource difficulty.
C0630,preferred_difficulty,P006,R072,2,0.5,1.0,0.516521,0.574021,True,job_skill_alignment:0.050000>0.100000;difficulty_match:0.500000>1.000000,Preference moved exactly to the resource difficulty.
C0631,preferred_difficulty,P006,R073,2,0.5,1.0,0.601535,0.681535,True,job_skill_alignment:0.200000>0.400000;difficulty_match:0.500000>1.000000,Preference moved exactly to the resource difficulty.
C0632,preferred_difficulty,P006,R074,2,0.5,1.0,0.557206,0.622206,True,job_skill_alignment:0.100000>0.200000;difficulty_match:0.500000>1.000000,Preference moved exactly to the resource difficulty.
C0633,preferred_difficulty,P006,R075,2,0.5,1.0,0.177509,0.227509,True,difficulty_match:0.500000>1.000000,Preference moved exactly to the resource difficulty.
C0634,preferred_difficulty,P006,R093,2,0.5,1.0,0.166778,0.216778,True,difficulty_match:0.500000>1.000000,Preference moved exactly to the resource difficulty.
C0635,preferred_difficulty,P006,R094,3,0.0,1.0,0.314906,0.414906,True,difficulty_match:0.000000>1.000000,Preference moved exactly to the resource difficulty.
C0636,preferred_difficulty,P006,R095,2,0.5,1.0,0.574726,0.647226,True,job_skill_alignment:0.150000>0.300000;difficulty_match:0.500000>1.000000,Preference moved exactly to the resource difficulty.
C0637,weakness_removal,P006,R011,apis,0.0,0.0,0.319781,0.31495,True,skill_gap_match:0.263158>0.250000;content_similarity:0.244491>0.213668,The resource's only declared-weak overlap was removed.
C0638,weakness_removal,P006,R014,apis,0.0,0.0,0.470398,0.466669,True,skill_gap_match:0.333333>0.321429;content_similarity:0.188294>0.173241,The resource's only declared-weak overlap was removed.
C0639,weakness_removal,P006,R040,apis,0.0,0.0,0.292188,0.288229,True,skill_gap_match:0.192982>0.178571;content_similarity:0.137522>0.130389,The resource's only declared-weak overlap was removed.
C0640,weakness_removal,P006,R043,apis,0.0,0.0,0.447669,0.444048,True,skill_gap_match:0.263158>0.250000;content_similarity:0.128591>0.121966,The resource's only declared-weak overlap was removed.
C0641,weakness_removal,P006,R069,apis,0.0,0.0,0.316735,0.312767,True,skill_gap_match:0.263158>0.250000;content_similarity:0.170575>0.157008,The resource's only declared-weak overlap was removed.
C0642,weakness_removal,P006,R071,apis,0.1,0.0,0.551278,0.531924,True,skill_gap_match:0.192982>0.178571;job_skill_alignment:0.100000>0.000000;content_similarity:0.147640>0.132626,The resource's only declared-weak overlap was removed.
C0643,weakness_removal,P006,R094,apis,0.0,0.0,0.314906,0.310931,True,skill_gap_match:0.263158>0.250000;content_similarity:0.121002>0.107282,The resource's only declared-weak overlap was removed.
C0644,weakness_removal,P006,R002,databases,0.0,0.0,0.363421,0.359669,True,skill_gap_match:0.228070>0.214286;content_similarity:0.156736>0.150613,The resource's only declared-weak overlap was removed.
C0645,weakness_removal,P006,R015,databases,0.0,0.0,0.438413,0.43394,True,skill_gap_match:0.192982>0.178571;content_similarity:0.194357>0.176949,The resource's only declared-weak overlap was removed.
C0646,weakness_removal,P006,R027,databases,0.0,0.0,0.403644,0.399716,True,skill_gap_match:0.192982>0.178571;content_similarity:0.148633>0.142129,The resource's only declared-weak overlap was removed.
C0647,weakness_removal,P006,R034,databases,0.2,0.0,0.622191,0.587145,True,skill_gap_match:0.192982>0.178571;job_skill_alignment:0.200000>0.000000;content_similarity:0.229916>0.201039,The resource's only declared-weak overlap was removed.
C0648,weakness_removal,P006,R062,databases,0.0,0.0,0.351799,0.347888,True,skill_gap_match:0.192982>0.178571;content_similarity:0.140733>0.134575,The resource's only declared-weak overlap was removed.
C0649,weakness_removal,P006,R072,databases,0.05,0.0,0.516521,0.504463,True,skill_gap_match:0.263158>0.250000;job_skill_alignment:0.050000>0.000000;content_similarity:0.252628>0.227253,The resource's only declared-weak overlap was removed.
C0650,weakness_removal,P006,R013,oop,0.1,0.0,0.557829,0.538046,True,skill_gap_match:0.192982>0.178571;job_skill_alignment:0.100000>0.000000;content_similarity:0.288660>0.265067,The resource's only declared-weak overlap was removed.
C0651,weakness_removal,P006,R074,oop,0.1,0.0,0.557206,0.537436,True,skill_gap_match:0.192982>0.178571;job_skill_alignment:0.100000>0.000000;content_similarity:0.294214>0.270872,The resource's only declared-weak overlap was removed.
C0652,weakness_removal,P006,R016,testing,0.2,0.0,0.619072,0.583617,True,skill_gap_match:0.192982>0.178571;job_skill_alignment:0.200000>0.000000;content_similarity:0.307531>0.270475,The resource's only declared-weak overlap was removed.
C0653,weakness_removal,P006,R052,testing,0.0,0.0,0.499623,0.49508,True,skill_gap_match:0.263158>0.250000;content_similarity:0.236669>0.211596,The resource's only declared-weak overlap was removed.
C0654,weakness_removal,P006,R012,version_control,0.2,0.0,0.600764,0.56566,True,skill_gap_match:0.122807>0.107143;job_skill_alignment:0.200000>0.000000;content_similarity:0.137240>0.113495,The resource's only declared-weak overlap was removed.
C0655,weakness_removal,P006,R022,version_control,0.0,0.0,0.496704,0.493086,True,skill_gap_match:0.263158>0.250000;content_similarity:0.183287>0.176719,The resource's only declared-weak overlap was removed.
C0656,weakness_removal,P006,R039,version_control,0.0,0.0,0.247616,0.243952,True,skill_gap_match:0.298246>0.285714;content_similarity:0.170433>0.159801,The resource's only declared-weak overlap was removed.
C0657,weakness_removal,P006,R070,version_control,0.2,0.0,0.59949,0.564295,True,skill_gap_match:0.122807>0.107143;job_skill_alignment:0.200000>0.000000;content_similarity:0.147759>0.122194,The resource's only declared-weak overlap was removed.
C0658,irrelevant_completed_topic,P006,,counterfactual_irrelevant_topic,,,,,True,,"Top-ten recommendations, scores, and explanations compared exactly."
C0659,prerequisite_completion,P007,R008,statistics,0.5,1.0,0.333741,0.383996,True,prerequisite_match:0.500000>1.000000;content_similarity:0.200428>0.205544,Missing prerequisites added to completed topics.
C0660,prerequisite_completion,P007,R009,machine_learning,0.0,1.0,0.319901,0.470744,True,job_skill_alignment:0.000000>0.333333;prerequisite_match:0.000000>1.000000;content_similarity:0.104623>0.121473,Missing prerequisites added to completed topics.
C0661,prerequisite_completion,P007,R010,machine_learning,0.5,1.0,0.173719,0.224934,True,prerequisite_match:0.500000>1.000000;content_similarity:0.079348>0.103643,Missing prerequisites added to completed topics.
C0662,prerequisite_completion,P007,R011,apis;machine_learning,0.333333,1.0,0.189993,0.259292,True,prerequisite_match:0.333333>1.000000;content_similarity:0.065150>0.117799,Missing prerequisites added to completed topics.
C0663,prerequisite_completion,P007,R013,programming,0.0,1.0,0.201937,0.303347,True,prerequisite_match:0.000000>1.000000;content_similarity:0.058375>0.086586,Missing prerequisites added to completed topics.
C0664,prerequisite_completion,P007,R016,programming,0.0,1.0,0.145938,0.246721,True,prerequisite_match:0.000000>1.000000;content_similarity:0.032399>0.048056,Missing prerequisites added to completed topics.
C0665,prerequisite_completion,P007,R023,statistics,0.5,1.0,0.416393,0.491605,True,job_skill_alignment:0.166667>0.333333;prerequisite_match:0.500000>1.000000;content_similarity:0.190107>0.194331,Missing prerequisites added to completed topics.
C0666,prerequisite_completion,P007,R031,statistics,0.0,1.0,0.491693,0.643693,True,job_skill_alignment:0.000000>0.333333;prerequisite_match:0.000000>1.000000;content_similarity:0.288123>0.328124,Missing prerequisites added to completed topics.
C0667,prerequisite_completion,P007,R036,statistics,0.5,1.0,0.363307,0.413586,True,prerequisite_match:0.500000>1.000000;content_similarity:0.159765>0.165337,Missing prerequisites added to completed topics.
C0668,prerequisite_completion,P007,R037,statistics,0.5,1.0,0.274089,0.324317,True,prerequisite_match:0.500000>1.000000;content_similarity:0.178068>0.182614,Missing prerequisites added to completed topics.
C0669,prerequisite_completion,P007,R038,machine_learning,0.5,1.0,0.223061,0.274357,True,prerequisite_match:0.500000>1.000000;content_similarity:0.097497>0.123424,Missing prerequisites added to completed topics.
C0670,prerequisite_completion,P007,R039,machine_learning,0.5,1.0,0.233698,0.284556,True,prerequisite_match:0.500000>1.000000;content_similarity:0.106557>0.123718,Missing prerequisites added to completed topics.
C0671,prerequisite_completion,P007,R040,machine_learning,0.5,1.0,0.182087,0.232923,True,prerequisite_match:0.500000>1.000000;content_similarity:0.045065>0.061776,Missing prerequisites added to completed topics.
C0672,prerequisite_completion,P007,R041,machine_learning,0.0,1.0,0.166339,0.267189,True,prerequisite_match:0.000000>1.000000;content_similarity:0.071063>0.088071,Missing prerequisites added to completed topics.
C0673,prerequisite_completion,P007,R042,machine_learning,0.0,1.0,0.141069,0.241805,True,prerequisite_match:0.000000>1.000000;content_similarity:0.045015>0.059748,Missing prerequisites added to completed topics.
C0674,prerequisite_completion,P007,R044,statistics,0.5,1.0,0.415022,0.49069,True,job_skill_alignment:0.166667>0.333333;prerequisite_match:0.500000>1.000000;content_similarity:0.168688>0.182035,Missing prerequisites added to completed topics.
C0675,prerequisite_completion,P007,R045,machine_learning,0.5,1.0,0.176396,0.227496,True,prerequisite_match:0.500000>1.000000;content_similarity:0.071876>0.093884,Missing prerequisites added to completed topics.
C0676,prerequisite_completion,P007,R051,apis,0.0,1.0,0.17275,0.27426,True,prerequisite_match:0.000000>1.000000;content_similarity:0.000000>0.030208,Missing prerequisites added to completed topics.
C0677,prerequisite_completion,P007,R053,version_control,0.0,1.0,0.272082,0.374143,True,prerequisite_match:0.000000>1.000000;content_similarity:0.042285>0.083519,Missing prerequisites added to completed topics.
C0678,prerequisite_completion,P007,R054,oop,0.0,1.0,0.145909,0.248487,True,prerequisite_match:0.000000>1.000000;content_similarity:0.012817>0.064378,Missing prerequisites added to completed topics.
C0679,prerequisite_completion,P007,R055,programming,0.5,1.0,0.372039,0.422631,True,prerequisite_match:0.500000>1.000000;content_similarity:0.168036>0.179876,Missing prerequisites added to completed topics.
C0680,prerequisite_completion,P007,R056,programming,0.0,1.0,0.209739,0.310961,True,prerequisite_match:0.000000>1.000000;content_similarity:0.066740>0.091188,Missing prerequisites added to completed topics.
C0681,prerequisite_completion,P007,R057,programming,0.0,1.0,0.216557,0.317324,True,prerequisite_match:0.000000>1.000000;content_similarity:0.107414>0.122767,Missing prerequisites added to completed topics.
C0682,prerequisite_completion,P007,R058,programming,0.0,1.0,0.183671,0.284048,True,prerequisite_match:0.000000>1.000000;content_similarity:0.030740>0.038274,Missing prerequisites added to completed topics.
C0683,prerequisite_completion,P007,R060,machine_learning,0.5,1.0,0.300207,0.350871,True,prerequisite_match:0.500000>1.000000;content_similarity:0.068751>0.082046,Missing prerequisites added to completed topics.
C0684,prerequisite_completion,P007,R066,statistics,0.5,1.0,0.359422,0.409747,True,prerequisite_match:0.500000>1.000000;content_similarity:0.136049>0.142554,Missing prerequisites added to completed topics.
C0685,prerequisite_completion,P007,R067,machine_learning,0.0,1.0,0.31868,0.469374,True,job_skill_alignment:0.000000>0.333333;prerequisite_match:0.000000>1.000000;content_similarity:0.086192>0.100074,Missing prerequisites added to completed topics.
C0686,prerequisite_completion,P007,R068,machine_learning,0.0,1.0,0.147218,0.247939,True,prerequisite_match:0.000000>1.000000;content_similarity:0.025011>0.039430,Missing prerequisites added to completed topics.
C0687,prerequisite_completion,P007,R069,apis;machine_learning,0.333333,1.0,0.1905,0.258772,True,prerequisite_match:0.333333>1.000000;content_similarity:0.062293>0.094411,Missing prerequisites added to completed topics.
C0688,prerequisite_completion,P007,R071,programming,0.0,1.0,0.201107,0.301875,True,prerequisite_match:0.000000>1.000000;content_similarity:0.031780>0.047138,Missing prerequisites added to completed topics.
C0689,prerequisite_completion,P007,R072,programming,0.5,1.0,0.37982,0.430474,True,prerequisite_match:0.500000>1.000000;content_similarity:0.185653>0.198735,Missing prerequisites added to completed topics.
C0690,prerequisite_completion,P007,R073,programming,0.0,1.0,0.198546,0.299236,True,prerequisite_match:0.000000>1.000000;content_similarity:0.028560>0.042362,Missing prerequisites added to completed topics.
C0691,prerequisite_completion,P007,R074,programming,0.0,1.0,0.200309,0.301367,True,prerequisite_match:0.000000>1.000000;content_similarity:0.043813>0.064987,Missing prerequisites added to completed topics.
C0692,prerequisite_completion,P007,R093,machine_learning,0.5,1.0,0.417412,0.493008,True,job_skill_alignment:0.166667>0.333333;prerequisite_match:0.500000>1.000000;content_similarity:0.170480>0.182406,Missing prerequisites added to completed topics.
C0693,prerequisite_completion,P007,R094,apis;machine_learning,0.333333,1.0,0.193776,0.261937,True,prerequisite_match:0.333333>1.000000;content_similarity:0.114825>0.144707,Missing prerequisites added to completed topics.
C0694,prerequisite_completion,P007,R095,apis;programming,0.0,1.0,0.222732,0.324184,True,prerequisite_match:0.000000>1.000000;content_similarity:0.102919>0.131970,Missing prerequisites added to completed topics.
C0695,skill_improvement,P007,R021,data_cleaning,0.132075,0.0,0.53278,0.47019,True,skill_gap_match:0.132075>0.000000;job_skill_alignment:0.166667>0.000000;content_similarity:0.136225>0.044799,Skill raised to pathway requirement and weak flag removed.
C0696,skill_improvement,P007,R007,statistics,0.132075,0.0,0.548392,0.482035,True,skill_gap_match:0.132075>0.000000;job_skill_alignment:0.166667>0.000000;content_similarity:0.222469>0.055703,Skill raised to pathway requirement and weak flag removed.
C0697,skill_improvement,P007,R065,statistics,0.132075,0.0,0.544467,0.479674,True,skill_gap_match:0.132075>0.000000;job_skill_alignment:0.166667>0.000000;content_similarity:0.172955>0.037490,Skill raised to pathway requirement and weak flag removed.
C0698,preferred_difficulty,P007,R001,1,0.5,1.0,0.577522,0.652522,True,job_skill_alignment:0.166667>0.333333;difficulty_match:0.500000>1.000000,Preference moved exactly to the resource difficulty.
C0699,preferred_difficulty,P007,R003,1,0.5,1.0,0.64668,0.74668,True,job_skill_alignment:0.333333>0.666667;difficulty_match:0.500000>1.000000,Preference moved exactly to the resource difficulty.
C0700,preferred_difficulty,P007,R004,1,0.5,1.0,0.565059,0.640059,True,job_skill_alignment:0.166667>0.333333;difficulty_match:0.500000>1.000000,Preference moved exactly to the resource difficulty.
C0701,preferred_difficulty,P007,R005,1,0.5,1.0,0.447566,0.497566,True,difficulty_match:0.500000>1.000000,Preference moved exactly to the resource difficulty.
C0702,preferred_difficulty,P007,R007,1,0.5,1.0,0.548392,0.623392,True,job_skill_alignment:0.166667>0.333333;difficulty_match:0.500000>1.000000,Preference moved exactly to the resource difficulty.
C0703,preferred_difficulty,P007,R010,3,0.5,1.0,0.173719,0.223719,True,difficulty_match:0.500000>1.000000,Preference moved exactly to the resource difficulty.
C0704,preferred_difficulty,P007,R011,3,0.5,1.0,0.189993,0.239993,True,difficulty_match:0.500000>1.000000,Preference moved exactly to the resource difficulty.
C0705,preferred_difficulty,P007,R012,1,0.5,1.0,0.32746,0.37746,True,difficulty_match:0.500000>1.000000,Preference moved exactly to the resource difficulty.
C0706,preferred_difficulty,P007,R016,1,0.5,1.0,0.145938,0.195938,True,difficulty_match:0.500000>1.000000,Preference moved exactly to the resource difficulty.
C0707,preferred_difficulty,P007,R021,1,0.5,1.0,0.53278,0.60778,True,job_skill_alignment:0.166667>0.333333;difficulty_match:0.500000>1.000000,Preference moved exactly to the resource difficulty.
C0708,preferred_difficulty,P007,R022,1,0.5,1.0,0.361778,0.411778,True,difficulty_match:0.500000>1.000000,Preference moved exactly to the resource difficulty.
C0709,preferred_difficulty,P007,R024,1,0.5,1.0,0.560962,0.635962,True,job_skill_alignment:0.166667>0.333333;difficulty_match:0.500000>1.000000,Preference moved exactly to the resource difficulty.
C0710,preferred_difficulty,P007,R025,1,0.5,1.0,0.626573,0.701573,True,job_skill_alignment:0.166667>0.333333;difficulty_match:0.500000>1.000000,Preference moved exactly to the resource difficulty.
C0711,preferred_difficulty,P007,R027,1,0.5,1.0,0.530773,0.580773,True,difficulty_match:0.500000>1.000000,Preference moved exactly to the resource difficulty.
C0712,preferred_difficulty,P007,R028,1,0.5,1.0,0.626821,0.726821,True,job_skill_alignment:0.333333>0.666667;difficulty_match:0.500000>1.000000,Preference moved exactly to the resource difficulty.
C0713,preferred_difficulty,P007,R030,1,0.5,1.0,0.438842,0.488842,True,difficulty_match:0.500000>1.000000,Preference moved exactly to the resource difficulty.
C0714,preferred_difficulty,P007,R032,1,0.5,1.0,0.567083,0.642083,True,job_skill_alignment:0.166667>0.333333;difficulty_match:0.500000>1.000000,Preference moved exactly to the resource difficulty.
C0715,preferred_difficulty,P007,R034,1,0.5,1.0,0.445303,0.495303,True,difficulty_match:0.500000>1.000000,Preference moved exactly to the resource difficulty.
C0716,preferred_difficulty,P007,R038,3,0.5,1.0,0.223061,0.273061,True,difficulty_match:0.500000>1.000000,Preference moved exactly to the resource difficulty.
C0717,preferred_difficulty,P007,R039,3,0.5,1.0,0.233698,0.283698,True,difficulty_match:0.500000>1.000000,Preference moved exactly to the resource difficulty.
C0718,preferred_difficulty,P007,R040,3,0.5,1.0,0.182087,0.232087,True,difficulty_match:0.500000>1.000000,Preference moved exactly to the resource difficulty.
C0719,preferred_difficulty,P007,R041,3,0.5,1.0,0.166339,0.216339,True,difficulty_match:0.500000>1.000000,Preference moved exactly to the resource difficulty.
C0720,preferred_difficulty,P007,R042,3,0.5,1.0,0.141069,0.191069,True,difficulty_match:0.500000>1.000000,Preference moved exactly to the resource difficulty.
C0721,preferred_difficulty,P007,R045,3,0.5,1.0,0.176396,0.226396,True,difficulty_match:0.500000>1.000000,Preference moved exactly to the resource difficulty.
C0722,preferred_difficulty,P007,R052,1,0.5,1.0,0.265226,0.315226,True,difficulty_match:0.500000>1.000000,Preference moved exactly to the resource difficulty.
C0723,preferred_difficulty,P007,R054,3,0.5,1.0,0.145909,0.195909,True,difficulty_match:0.500000>1.000000,Preference moved exactly to the resource difficulty.
C0724,preferred_difficulty,P007,R060,3,0.5,1.0,0.300207,0.350207,True,difficulty_match:0.500000>1.000000,Preference moved exactly to the resource difficulty.
C0725,preferred_difficulty,P007,R061,1,0.5,1.0,0.508929,0.558929,True,difficulty_match:0.500000>1.000000,Preference moved exactly to the resource difficulty.
C0726,preferred_difficulty,P007,R064,1,0.5,1.0,0.560608,0.635608,True,job_skill_alignment:0.166667>0.333333;difficulty_match:0.500000>1.000000,Preference moved exactly to the resource difficulty.
C0727,preferred_difficulty,P007,R065,1,0.5,1.0,0.544467,0.619467,True,job_skill_alignment:0.166667>0.333333;difficulty_match:0.500000>1.000000,Preference moved exactly to the resource difficulty.
C0728,preferred_difficulty,P007,R068,3,0.5,1.0,0.147218,0.197218,True,difficulty_match:0.500000>1.000000,Preference moved exactly to the resource difficulty.
C0729,preferred_difficulty,P007,R069,3,0.5,1.0,0.1905,0.2405,True,difficulty_match:0.500000>1.000000,Preference moved exactly to the resource difficulty.
C0730,preferred_difficulty,P007,R070,1,0.5,1.0,0.325774,0.375774,True,difficulty_match:0.500000>1.000000,Preference moved exactly to the resource difficulty.
C0731,preferred_difficulty,P007,R091,1,0.5,1.0,0.629036,0.729036,True,job_skill_alignment:0.333333>0.666667;difficulty_match:0.500000>1.000000,Preference moved exactly to the resource difficulty.
C0732,preferred_difficulty,P007,R092,1,0.5,1.0,0.624193,0.724193,True,job_skill_alignment:0.333333>0.666667;difficulty_match:0.500000>1.000000,Preference moved exactly to the resource difficulty.
C0733,preferred_difficulty,P007,R094,3,0.5,1.0,0.193776,0.243776,True,difficulty_match:0.500000>1.000000,Preference moved exactly to the resource difficulty.
C0734,preferred_difficulty,P007,R096,1,0.5,1.0,0.362415,0.412415,True,difficulty_match:0.500000>1.000000,Preference moved exactly to the resource difficulty.
C0735,weakness_removal,P007,R004,dashboards,0.166667,0.0,0.565059,0.535759,True,skill_gap_match:0.207547>0.192308;job_skill_alignment:0.166667>0.000000;content_similarity:0.179443>0.169634,The resource's only declared-weak overlap was removed.
C0736,weakness_removal,P007,R017,dashboards,0.333333,0.0,0.668739,0.614383,True,skill_gap_match:0.283019>0.269231;job_skill_alignment:0.333333>0.000000;content_similarity:0.355688>0.337512,The resource's only declared-weak overlap was removed.
C0737,weakness_removal,P007,R024,dashboards,0.166667,0.0,0.560962,0.530332,True,skill_gap_match:0.207547>0.192308;job_skill_alignment:0.166667>0.000000;content_similarity:0.261509>0.225101,The resource's only declared-weak overlap was removed.
C0738,weakness_removal,P007,R026,dashboards,0.333333,0.0,0.690711,0.637838,True,skill_gap_match:0.471698>0.461538;job_skill_alignment:0.333333>0.000000;content_similarity:0.504720>0.498067,The resource's only declared-weak overlap was removed.
C0739,weakness_removal,P007,R032,dashboards,0.166667,0.0,0.567083,0.537039,True,skill_gap_match:0.207547>0.192308;job_skill_alignment:0.166667>0.000000;content_similarity:0.273927>0.249244,The resource's only declared-weak overlap was removed.
C0740,weakness_removal,P007,R064,dashboards,0.166667,0.0,0.560608,0.530832,True,skill_gap_match:0.207547>0.192308;job_skill_alignment:0.166667>0.000000;content_similarity:0.151430>0.132093,The resource's only declared-weak overlap was removed.
C0741,weakness_removal,P007,R001,data_cleaning,0.166667,0.0,0.577522,0.548502,True,skill_gap_match:0.207547>0.192308;job_skill_alignment:0.166667>0.000000;content_similarity:0.266698>0.262494,The resource's only declared-weak overlap was removed.
C0742,weakness_removal,P007,R002,data_cleaning,0.333333,0.0,0.667048,0.613489,True,skill_gap_match:0.283019>0.269231;job_skill_alignment:0.333333>0.000000;content_similarity:0.287857>0.285635,The resource's only declared-weak overlap was removed.
C0743,weakness_removal,P007,R006,data_cleaning,0.333333,0.0,0.661606,0.607272,True,skill_gap_match:0.283019>0.269231;job_skill_alignment:0.333333>0.000000;content_similarity:0.224018>0.206284,The resource's only declared-weak overlap was removed.
C0744,weakness_removal,P007,R021,data_cleaning,0.166667,0.0,0.53278,0.502601,True,skill_gap_match:0.132075>0.115385;job_skill_alignment:0.166667>0.000000;content_similarity:0.136225>0.116101,The resource's only declared-weak overlap was removed.
C0745,weakness_removal,P007,R023,data_cleaning,0.166667,0.0,0.416393,0.387634,True,skill_gap_match:0.283019>0.269231;job_skill_alignment:0.166667>0.000000;content_similarity:0.190107>0.183862,The resource's only declared-weak overlap was removed.
C0746,weakness_removal,P007,R025,data_cleaning,0.166667,0.0,0.626573,0.598504,True,skill_gap_match:0.396226>0.384615;job_skill_alignment:0.166667>0.000000;content_similarity:0.315333>0.311999,The resource's only declared-weak overlap was removed.
C0747,weakness_removal,P007,R033,data_cleaning,0.333333,0.0,0.662721,0.608752,True,skill_gap_match:0.283019>0.269231;job_skill_alignment:0.333333>0.000000;content_similarity:0.385319>0.374895,The resource's only declared-weak overlap was removed.
C0748,weakness_removal,P007,R063,data_cleaning,0.333333,0.0,0.639184,0.58453,True,skill_gap_match:0.207547>0.192308;job_skill_alignment:0.333333>0.000000;content_similarity:0.168936>0.152052,The resource's only declared-weak overlap was removed.
C0749,weakness_removal,P007,R075,data_cleaning,0.333333,0.0,0.683152,0.630042,True,skill_gap_match:0.358491>0.346154;job_skill_alignment:0.333333>0.000000;content_similarity:0.281585>0.281070,The resource's only declared-weak overlap was removed.
C0750,weakness_removal,P007,R093,data_cleaning,0.166667,0.0,0.417412,0.388708,True,skill_gap_match:0.283019>0.269231;job_skill_alignment:0.166667>0.000000;content_similarity:0.170480>0.165331,The resource's only declared-weak overlap was removed.
C0751,weakness_removal,P007,R007,statistics,0.166667,0.0,0.548392,0.517343,True,skill_gap_match:0.132075>0.115385;job_skill_alignment:0.166667>0.000000;content_similarity:0.222469>0.184929,The resource's only declared-weak overlap was removed.
C0752,weakness_removal,P007,R009,statistics,0.0,0.0,0.319901,0.315604,True,skill_gap_match:0.207547>0.192308;content_similarity:0.104623>0.094881,The resource's only declared-weak overlap was removed.
C0753,weakness_removal,P007,R031,statistics,0.0,0.0,0.491693,0.485678,True,skill_gap_match:0.207547>0.192308;content_similarity:0.288123>0.244028,The resource's only declared-weak overlap was removed.
C0754,weakness_removal,P007,R035,statistics,0.333333,0.0,0.556746,0.503285,True,skill_gap_match:0.320755>0.307692;job_skill_alignment:0.333333>0.000000;content_similarity:0.225821>0.221910,The resource's only declared-weak overlap was removed.
C0755,weakness_removal,P007,R044,statistics,0.166667,0.0,0.415022,0.38582,True,skill_gap_match:0.283019>0.269231;job_skill_alignment:0.166667>0.000000;content_similarity:0.168688>0.153584,The resource's only declared-weak overlap was removed.
C0756,weakness_removal,P007,R065,statistics,0.166667,0.0,0.544467,0.513766,True,skill_gap_match:0.132075>0.115385;job_skill_alignment:0.166667>0.000000;content_similarity:0.172955>0.142390,The resource's only declared-weak overlap was removed.
C0757,weakness_removal,P007,R067,statistics,0.0,0.0,0.31868,0.314469,True,skill_gap_match:0.207547>0.192308;content_similarity:0.086192>0.078166,The resource's only declared-weak overlap was removed.
C0758,irrelevant_completed_topic,P007,,counterfactual_irrelevant_topic,,,,,True,,"Top-ten recommendations, scores, and explanations compared exactly."
C0759,prerequisite_completion,P008,R008,statistics,0.5,1.0,0.538801,0.613607,True,job_skill_alignment:0.166667>0.333333;prerequisite_match:0.500000>1.000000;content_similarity:0.386292>0.382409,Missing prerequisites added to completed topics.
C0760,prerequisite_completion,P008,R009,machine_learning,0.0,1.0,0.503402,0.678869,True,job_skill_alignment:0.000000>0.500000;prerequisite_match:0.000000>1.000000;content_similarity:0.336185>0.345531,Missing prerequisites added to completed topics.
C0761,prerequisite_completion,P008,R010,machine_learning,0.5,1.0,0.408649,0.45973,True,prerequisite_match:0.500000>1.000000;content_similarity:0.221527>0.243147,Missing prerequisites added to completed topics.
C0762,prerequisite_completion,P008,R011,apis;machine_learning,0.333333,1.0,0.363264,0.432502,True,prerequisite_match:0.333333>1.000000;content_similarity:0.232667>0.284100,Missing prerequisites added to completed topics.
C0763,prerequisite_completion,P008,R013,programming,0.0,1.0,0.142678,0.244387,True,prerequisite_match:0.000000>1.000000;content_similarity:0.046472>0.080657,Missing prerequisites added to completed topics.
C0764,prerequisite_completion,P008,R016,programming,0.0,1.0,0.283351,0.384272,True,prerequisite_match:0.000000>1.000000;content_similarity:0.083193>0.101613,Missing prerequisites added to completed topics.
C0765,prerequisite_completion,P008,R023,statistics,0.5,1.0,0.581206,0.656083,True,job_skill_alignment:0.166667>0.333333;prerequisite_match:0.500000>1.000000;content_similarity:0.323218>0.320759,Missing prerequisites added to completed topics.
C0766,prerequisite_completion,P008,R031,statistics,0.0,1.0,0.439534,0.566619,True,job_skill_alignment:0.000000>0.166667;prerequisite_match:0.000000>1.000000;content_similarity:0.364316>0.406019,Missing prerequisites added to completed topics.
C0767,prerequisite_completion,P008,R036,statistics,0.5,1.0,0.567423,0.642313,True,job_skill_alignment:0.166667>0.333333;prerequisite_match:0.500000>1.000000;content_similarity:0.326716>0.324529,Missing prerequisites added to completed topics.
C0768,prerequisite_completion,P008,R037,statistics,0.5,1.0,0.561447,0.636274,True,job_skill_alignment:0.166667>0.333333;prerequisite_match:0.500000>1.000000;content_similarity:0.343198>0.339748,Missing prerequisites added to completed topics.
C0769,prerequisite_completion,P008,R038,machine_learning,0.5,1.0,0.499806,0.550783,True,prerequisite_match:0.500000>1.000000;content_similarity:0.346309>0.365850,Missing prerequisites added to completed topics.
C0770,prerequisite_completion,P008,R039,machine_learning,0.5,1.0,0.425912,0.476431,True,prerequisite_match:0.500000>1.000000;content_similarity:0.316008>0.326396,Missing prerequisites added to completed topics.
C0771,prerequisite_completion,P008,R040,machine_learning,0.5,1.0,0.353083,0.403748,True,prerequisite_match:0.500000>1.000000;content_similarity:0.197876>0.211173,Missing prerequisites added to completed topics.
C0772,prerequisite_completion,P008,R041,machine_learning,0.0,1.0,0.44269,0.543194,True,prerequisite_match:0.000000>1.000000;content_similarity:0.311991>0.322063,Missing prerequisites added to completed topics.
C0773,prerequisite_completion,P008,R042,machine_learning,0.0,1.0,0.414342,0.514797,True,prerequisite_match:0.000000>1.000000;content_similarity:0.255192>0.264289,Missing prerequisites added to completed topics.
C0774,prerequisite_completion,P008,R044,statistics,0.5,1.0,0.60897,0.696834,True,job_skill_alignment:0.250000>0.500000;prerequisite_match:0.500000>1.000000;content_similarity:0.328386>0.335654,Missing prerequisites added to completed topics.
C0775,prerequisite_completion,P008,R045,machine_learning,0.5,1.0,0.410656,0.461635,True,prerequisite_match:0.500000>1.000000;content_similarity:0.200667>0.220251,Missing prerequisites added to completed topics.
C0776,prerequisite_completion,P008,R051,apis,0.0,1.0,0.147496,0.249239,True,prerequisite_match:0.000000>1.000000;content_similarity:0.086762>0.121611,Missing prerequisites added to completed topics.
C0777,prerequisite_completion,P008,R053,version_control,0.0,1.0,0.317479,0.419911,True,prerequisite_match:0.000000>1.000000;content_similarity:0.064092>0.112722,Missing prerequisites added to completed topics.
C0778,prerequisite_completion,P008,R054,oop,0.0,1.0,0.098012,0.201087,True,prerequisite_match:0.000000>1.000000;content_similarity:0.024083>0.085578,Missing prerequisites added to completed topics.
C0779,prerequisite_completion,P008,R055,programming,0.5,1.0,0.304843,0.355598,True,prerequisite_match:0.500000>1.000000;content_similarity:0.139861>0.154971,Missing prerequisites added to completed topics.
C0780,prerequisite_completion,P008,R056,programming,0.0,1.0,0.246357,0.347827,True,prerequisite_match:0.000000>1.000000;content_similarity:0.086221>0.115619,Missing prerequisites added to completed topics.
C0781,prerequisite_completion,P008,R057,programming,0.0,1.0,0.167976,0.268933,True,prerequisite_match:0.000000>1.000000;content_similarity:0.074190>0.093334,Missing prerequisites added to completed topics.
C0782,prerequisite_completion,P008,R058,programming,0.0,1.0,0.324448,0.424877,True,prerequisite_match:0.000000>1.000000;content_similarity:0.089378>0.097969,Missing prerequisites added to completed topics.
C0783,prerequisite_completion,P008,R060,machine_learning,0.5,1.0,0.477585,0.528055,True,prerequisite_match:0.500000>1.000000;content_similarity:0.200966>0.210357,Missing prerequisites added to completed topics.
C0784,prerequisite_completion,P008,R066,statistics,0.5,1.0,0.56308,0.638055,True,job_skill_alignment:0.166667>0.333333;prerequisite_match:0.500000>1.000000;content_similarity:0.293861>0.293366,Missing prerequisites added to completed topics.
C0785,prerequisite_completion,P008,R067,machine_learning,0.0,1.0,0.499845,0.67524,True,job_skill_alignment:0.000000>0.500000;prerequisite_match:0.000000>1.000000;content_similarity:0.271051>0.278945,Missing prerequisites added to completed topics.
C0786,prerequisite_completion,P008,R068,machine_learning,0.0,1.0,0.334989,0.435522,True,prerequisite_match:0.000000>1.000000;content_similarity:0.191788>0.202460,Missing prerequisites added to completed topics.
C0787,prerequisite_completion,P008,R069,apis;machine_learning,0.333333,1.0,0.362701,0.430804,True,prerequisite_match:0.333333>1.000000;content_similarity:0.208411>0.237127,Missing prerequisites added to completed topics.
C0788,prerequisite_completion,P008,R071,programming,0.0,1.0,0.153172,0.254095,True,prerequisite_match:0.000000>1.000000;content_similarity:0.042283>0.060729,Missing prerequisites added to completed topics.
C0789,prerequisite_completion,P008,R072,programming,0.5,1.0,0.301409,0.352252,True,prerequisite_match:0.500000>1.000000;content_similarity:0.137277>0.154137,Missing prerequisites added to completed topics.
C0790,prerequisite_completion,P008,R073,programming,0.0,1.0,0.16277,0.263579,True,prerequisite_match:0.000000>1.000000;content_similarity:0.078152>0.094342,Missing prerequisites added to completed topics.
C0791,prerequisite_completion,P008,R074,programming,0.0,1.0,0.140766,0.242053,True,prerequisite_match:0.000000>1.000000;content_similarity:0.026245>0.051985,Missing prerequisites added to completed topics.
C0792,prerequisite_completion,P008,R093,machine_learning,0.5,1.0,0.578187,0.65358,True,job_skill_alignment:0.166667>0.333333;prerequisite_match:0.500000>1.000000;content_similarity:0.222850>0.230697,Missing prerequisites added to completed topics.
C0793,prerequisite_completion,P008,R094,apis;machine_learning,0.333333,1.0,0.361476,0.429559,True,prerequisite_match:0.333333>1.000000;content_similarity:0.170906>0.199233,Missing prerequisites added to completed topics.
C0794,prerequisite_completion,P008,R095,apis;programming,0.0,1.0,0.17375,0.275497,True,prerequisite_match:0.000000>1.000000;content_similarity:0.061671>0.096618,Missing prerequisites added to completed topics.
C0795,skill_improvement,P008,R007,statistics,0.142857,0.0,0.6286,0.533069,True,skill_gap_match:0.142857>0.000000;job_skill_alignment:0.333333>0.000000;content_similarity:0.272705>0.076388,Skill raised to pathway requirement and weak flag removed.
C0796,skill_improvement,P008,R065,statistics,0.142857,0.0,0.623875,0.530136,True,skill_gap_match:0.142857>0.000000;job_skill_alignment:0.333333>0.000000;content_similarity:0.207210>0.046726,Skill raised to pathway requirement and weak flag removed.
C0797,preferred_difficulty,P008,R002,2,0.5,1.0,0.451769,0.501769,True,difficulty_match:0.500000>1.000000,Preference moved exactly to the resource difficulty.
C0798,preferred_difficulty,P008,R006,2,0.5,1.0,0.540475,0.590475,True,difficulty_match:0.500000>1.000000,Preference moved exactly to the resource difficulty.
C0799,preferred_difficulty,P008,R008,2,0.5,1.0,0.538801,0.613801,True,job_skill_alignment:0.166667>0.333333;difficulty_match:0.500000>1.000000,Preference moved exactly to the resource difficulty.
C0800,preferred_difficulty,P008,R009,2,0.5,1.0,0.503402,0.553402,True,difficulty_match:0.500000>1.000000,Preference moved exactly to the resource difficulty.
C0801,preferred_difficulty,P008,R010,3,0.0,1.0,0.408649,0.533649,True,job_skill_alignment:0.000000>0.166667;difficulty_match:0.000000>1.000000,Preference moved exactly to the resource difficulty.
C0802,preferred_difficulty,P008,R011,3,0.0,1.0,0.363264,0.479931,True,job_skill_alignment:0.000000>0.111111;difficulty_match:0.000000>1.000000,Preference moved exactly to the resource difficulty.
C0803,preferred_difficulty,P008,R013,2,0.5,1.0,0.142678,0.192678,True,difficulty_match:0.500000>1.000000,Preference moved exactly to the resource difficulty.
C0804,preferred_difficulty,P008,R014,2,0.5,1.0,0.367662,0.417662,True,difficulty_match:0.500000>1.000000,Preference moved exactly to the resource difficulty.
C0805,preferred_difficulty,P008,R015,2,0.5,1.0,0.427527,0.477527,True,difficulty_match:0.500000>1.000000,Preference moved exactly to the resource difficulty.
C0806,preferred_difficulty,P008,R017,2,0.5,1.0,0.450346,0.500346,True,difficulty_match:0.500000>1.000000,Preference moved exactly to the resource difficulty.
C0807,preferred_difficulty,P008,R023,2,0.5,1.0,0.581206,0.656206,True,job_skill_alignment:0.166667>0.333333;difficulty_match:0.500000>1.000000,Preference moved exactly to the resource difficulty.
C0808,preferred_difficulty,P008,R026,2,0.5,1.0,0.439963,0.489963,True,difficulty_match:0.500000>1.000000,Preference moved exactly to the resource difficulty.
C0809,preferred_difficulty,P008,R029,2,0.5,1.0,0.608681,0.683681,True,job_skill_alignment:0.166667>0.333333;difficulty_match:0.500000>1.000000,Preference moved exactly to the resource difficulty.
C0810,preferred_difficulty,P008,R031,2,0.5,1.0,0.439534,0.489534,True,difficulty_match:0.500000>1.000000,Preference moved exactly to the resource difficulty.
C0811,preferred_difficulty,P008,R033,2,0.5,1.0,0.542216,0.592216,True,difficulty_match:0.500000>1.000000,Preference moved exactly to the resource difficulty.
C0812,preferred_difficulty,P008,R035,2,0.5,1.0,0.615829,0.715829,True,job_skill_alignment:0.333333>0.666667;difficulty_match:0.500000>1.000000,Preference moved exactly to the resource difficulty.
C0813,preferred_difficulty,P008,R036,2,0.5,1.0,0.567423,0.642423,True,job_skill_alignment:0.166667>0.333333;difficulty_match:0.500000>1.000000,Preference moved exactly to the resource difficulty.
C0814,preferred_difficulty,P008,R037,2,0.5,1.0,0.561447,0.636447,True,job_skill_alignment:0.166667>0.333333;difficulty_match:0.500000>1.000000,Preference moved exactly to the resource difficulty.
C0815,preferred_difficulty,P008,R038,3,0.0,1.0,0.499806,0.649806,True,job_skill_alignment:0.000000>0.333333;difficulty_match:0.000000>1.000000,Preference moved exactly to the resource difficulty.
C0816,preferred_difficulty,P008,R039,3,0.0,1.0,0.425912,0.575912,True,job_skill_alignment:0.000000>0.333333;difficulty_match:0.000000>1.000000,Preference moved exactly to the resource difficulty.
C0817,preferred_difficulty,P008,R040,3,0.0,1.0,0.353083,0.478083,True,job_skill_alignment:0.000000>0.166667;difficulty_match:0.000000>1.000000,Preference moved exactly to the resource difficulty.
C0818,preferred_difficulty,P008,R041,3,0.0,1.0,0.44269,0.54269,True,difficulty_match:0.000000>1.000000,Preference moved exactly to the resource difficulty.
C0819,preferred_difficulty,P008,R042,3,0.0,1.0,0.414342,0.514342,True,difficulty_match:0.000000>1.000000,Preference moved exactly to the resource difficulty.
C0820,preferred_difficulty,P008,R043,2,0.5,1.0,0.50315,0.57815,True,job_skill_alignment:0.166667>0.333333;difficulty_match:0.500000>1.000000,Preference moved exactly to the resource difficulty.
C0821,preferred_difficulty,P008,R044,2,0.5,1.0,0.60897,0.69647,True,job_skill_alignment:0.250000>0.500000;difficulty_match:0.500000>1.000000,Preference moved exactly to the resource difficulty.
C0822,preferred_difficulty,P008,R045,3,0.0,1.0,0.410656,0.535656,True,job_skill_alignment:0.000000>0.166667;difficulty_match:0.000000>1.000000,Preference moved exactly to the resource difficulty.
C0823,preferred_difficulty,P008,R046,2,0.5,1.0,0.361512,0.411512,True,difficulty_match:0.500000>1.000000,Preference moved exactly to the resource difficulty.
C0824,preferred_difficulty,P008,R050,2,0.5,1.0,0.369561,0.419561,True,difficulty_match:0.500000>1.000000,Preference moved exactly to the resource difficulty.
C0825,preferred_difficulty,P008,R051,2,0.5,1.0,0.147496,0.197496,True,difficulty_match:0.500000>1.000000,Preference moved exactly to the resource difficulty.
C0826,preferred_difficulty,P008,R053,2,0.5,1.0,0.317479,0.367479,True,difficulty_match:0.500000>1.000000,Preference moved exactly to the resource difficulty.
C0827,preferred_difficulty,P008,R054,3,0.0,1.0,0.098012,0.198012,True,difficulty_match:0.000000>1.000000,Preference moved exactly to the resource difficulty.
C0828,preferred_difficulty,P008,R055,2,0.5,1.0,0.304843,0.354843,True,difficulty_match:0.500000>1.000000,Preference moved exactly to the resource difficulty.
C0829,preferred_difficulty,P008,R056,2,0.5,1.0,0.246357,0.296357,True,difficulty_match:0.500000>1.000000,Preference moved exactly to the resource difficulty.
C0830,preferred_difficulty,P008,R057,2,0.5,1.0,0.167976,0.217976,True,difficulty_match:0.500000>1.000000,Preference moved exactly to the resource difficulty.
C0831,preferred_difficulty,P008,R058,2,0.5,1.0,0.324448,0.374448,True,difficulty_match:0.500000>1.000000,Preference moved exactly to the resource difficulty.
C0832,preferred_difficulty,P008,R060,3,0.0,1.0,0.477585,0.627585,True,job_skill_alignment:0.000000>0.333333;difficulty_match:0.000000>1.000000,Preference moved exactly to the resource difficulty.
C0833,preferred_difficulty,P008,R062,2,0.5,1.0,0.426596,0.476596,True,difficulty_match:0.500000>1.000000,Preference moved exactly to the resource difficulty.
C0834,preferred_difficulty,P008,R063,2,0.5,1.0,0.52718,0.57718,True,difficulty_match:0.500000>1.000000,Preference moved exactly to the resource difficulty.
C0835,preferred_difficulty,P008,R066,2,0.5,1.0,0.56308,0.63808,True,job_skill_alignment:0.166667>0.333333;difficulty_match:0.500000>1.000000,Preference moved exactly to the resource difficulty.
C0836,preferred_difficulty,P008,R067,2,0.5,1.0,0.499845,0.549845,True,difficulty_match:0.500000>1.000000,Preference moved exactly to the resource difficulty.
C0837,preferred_difficulty,P008,R068,3,0.0,1.0,0.334989,0.434989,True,difficulty_match:0.000000>1.000000,Preference moved exactly to the resource difficulty.
C0838,preferred_difficulty,P008,R069,3,0.0,1.0,0.362701,0.479368,True,job_skill_alignment:0.000000>0.111111;difficulty_match:0.000000>1.000000,Preference moved exactly to the resource difficulty.
C0839,preferred_difficulty,P008,R071,2,0.5,1.0,0.153172,0.203172,True,difficulty_match:0.500000>1.000000,Preference moved exactly to the resource difficulty.
C0840,preferred_difficulty,P008,R072,2,0.5,1.0,0.301409,0.351409,True,difficulty_match:0.500000>1.000000,Preference moved exactly to the resource difficulty.
C0841,preferred_difficulty,P008,R073,2,0.5,1.0,0.16277,0.21277,True,difficulty_match:0.500000>1.000000,Preference moved exactly to the resource difficulty.
C0842,preferred_difficulty,P008,R074,2,0.5,1.0,0.140766,0.190766,True,difficulty_match:0.500000>1.000000,Preference moved exactly to the resource difficulty.
C0843,preferred_difficulty,P008,R075,2,0.5,1.0,0.552113,0.602113,True,difficulty_match:0.500000>1.000000,Preference moved exactly to the resource difficulty.
C0844,preferred_difficulty,P008,R093,2,0.5,1.0,0.578187,0.653187,True,job_skill_alignment:0.166667>0.333333;difficulty_match:0.500000>1.000000,Preference moved exactly to the resource difficulty.
C0845,preferred_difficulty,P008,R094,3,0.0,1.0,0.361476,0.478143,True,job_skill_alignment:0.000000>0.111111;difficulty_match:0.000000>1.000000,Preference moved exactly to the resource difficulty.
C0846,preferred_difficulty,P008,R095,2,0.5,1.0,0.17375,0.22375,True,difficulty_match:0.500000>1.000000,Preference moved exactly to the resource difficulty.
C0847,weakness_removal,P008,R010,machine_learning,0.0,0.0,0.408649,0.403398,True,skill_gap_match:0.224490>0.208333;content_similarity:0.221527>0.197292,The resource's only declared-weak overlap was removed.
C0848,weakness_removal,P008,R011,machine_learning,0.0,0.0,0.363264,0.359053,True,skill_gap_match:0.306122>0.291667;content_similarity:0.232667>0.220733,The resource's only declared-weak overlap was removed.
C0849,weakness_removal,P008,R040,machine_learning,0.0,0.0,0.353083,0.348282,True,skill_gap_match:0.224490>0.208333;content_similarity:0.197876>0.182634,The resource's only declared-weak overlap was removed.
C0850,weakness_removal,P008,R043,machine_learning,0.166667,0.0,0.50315,0.474326,True,skill_gap_match:0.306122>0.291667;job_skill_alignment:0.166667>0.000000;content_similarity:0.190046>0.185863,The resource's only declared-weak overlap was removed.
C0851,weakness_removal,P008,R045,machine_learning,0.0,0.0,0.410656,0.405519,True,skill_gap_match:0.224490>0.208333;content_similarity:0.200667>0.178714,The resource's only declared-weak overlap was removed.
C0852,weakness_removal,P008,R069,machine_learning,0.0,0.0,0.362701,0.358496,True,skill_gap_match:0.306122>0.291667;content_similarity:0.208411>0.196582,The resource's only declared-weak overlap was removed.
C0853,weakness_removal,P008,R094,machine_learning,0.0,0.0,0.361476,0.357263,True,skill_gap_match:0.306122>0.291667;content_similarity:0.170906>0.158928,The resource's only declared-weak overlap was removed.
C0854,weakness_removal,P008,R007,statistics,0.333333,0.0,0.6286,0.572045,True,skill_gap_match:0.142857>0.125000;job_skill_alignment:0.333333>0.000000;content_similarity:0.272705>0.230897,The resource's only declared-weak overlap was removed.
C0855,weakness_removal,P008,R029,statistics,0.166667,0.0,0.608681,0.580199,True,skill_gap_match:0.346939>0.333333;job_skill_alignment:0.166667>0.000000;content_similarity:0.265924>0.264321,The resource's only declared-weak overlap was removed.
C0856,weakness_removal,P008,R031,statistics,0.0,0.0,0.439534,0.432873,True,skill_gap_match:0.183673>0.166667;content_similarity:0.364316>0.316133,The resource's only declared-weak overlap was removed.
C0857,weakness_removal,P008,R065,statistics,0.333333,0.0,0.623875,0.567691,True,skill_gap_match:0.142857>0.125000;job_skill_alignment:0.333333>0.000000;content_similarity:0.207210>0.172827,The resource's only declared-weak overlap was removed.
C0858,weakness_removal,P008,R091,statistics,0.333333,0.0,0.572922,0.519052,True,skill_gap_match:0.265306>0.250000;job_skill_alignment:0.333333>0.000000;content_similarity:0.229584>0.228715,The resource's only declared-weak overlap was removed.
C0859,irrelevant_completed_topic,P008,,counterfactual_irrelevant_topic,,,,,True,,"Top-ten recommendations, scores, and explanations compared exactly."
C0860,prerequisite_completion,P009,R011,apis,0.666667,1.0,0.466986,0.513214,True,job_skill_alignment:0.138889>0.208333;prerequisite_match:0.666667>1.000000;content_similarity:0.226604>0.276167,Missing prerequisites added to completed topics.
C0861,prerequisite_completion,P009,R013,programming,0.0,1.0,0.196089,0.298086,True,prerequisite_match:0.000000>1.000000;content_similarity:0.041010>0.080940,Missing prerequisites added to completed topics.
C0862,prerequisite_completion,P009,R016,programming,0.0,1.0,0.241065,0.342129,True,prerequisite_match:0.000000>1.000000;content_similarity:0.090079>0.111354,Missing prerequisites added to completed topics.
C0863,prerequisite_completion,P009,R051,apis,0.0,1.0,0.205233,0.307252,True,prerequisite_match:0.000000>1.000000;content_similarity:0.094108>0.134481,Missing prerequisites added to completed topics.
C0864,prerequisite_completion,P009,R053,version_control,0.0,1.0,0.375403,0.478211,True,prerequisite_match:0.000000>1.000000;content_similarity:0.075165>0.131336,Missing prerequisites added to completed topics.
C0865,prerequisite_completion,P009,R054,oop,0.0,1.0,0.155294,0.258887,True,prerequisite_match:0.000000>1.000000;content_similarity:0.022319>0.094186,Missing prerequisites added to completed topics.
C0866,prerequisite_completion,P009,R055,programming,0.5,1.0,0.355197,0.406073,True,prerequisite_match:0.500000>1.000000;content_similarity:0.129947>0.147466,Missing prerequisites added to completed topics.
C0867,prerequisite_completion,P009,R056,programming,0.0,1.0,0.307763,0.409468,True,prerequisite_match:0.000000>1.000000;content_similarity:0.093268>0.127363,Missing prerequisites added to completed topics.
C0868,prerequisite_completion,P009,R057,programming,0.0,1.0,0.236812,0.337869,True,prerequisite_match:0.000000>1.000000;content_similarity:0.156121>0.177271,Missing prerequisites added to completed topics.
C0869,prerequisite_completion,P009,R058,programming,0.0,1.0,0.385906,0.486394,True,prerequisite_match:0.000000>1.000000;content_similarity:0.097456>0.107217,Missing prerequisites added to completed topics.
C0870,prerequisite_completion,P009,R069,apis,0.666667,1.0,0.466663,0.511519,True,job_skill_alignment:0.138889>0.208333;prerequisite_match:0.666667>1.000000;content_similarity:0.207148>0.229261,Missing prerequisites added to completed topics.
C0871,prerequisite_completion,P009,R071,programming,0.0,1.0,0.210907,0.311976,True,prerequisite_match:0.000000>1.000000;content_similarity:0.049588>0.070967,Missing prerequisites added to completed topics.
C0872,prerequisite_completion,P009,R072,programming,0.5,1.0,0.348232,0.399209,True,prerequisite_match:0.500000>1.000000;content_similarity:0.130427>0.149955,Missing prerequisites added to completed topics.
C0873,prerequisite_completion,P009,R073,programming,0.0,1.0,0.224499,0.325429,True,prerequisite_match:0.000000>1.000000;content_similarity:0.091654>0.110247,Missing prerequisites added to completed topics.
C0874,prerequisite_completion,P009,R074,programming,0.0,1.0,0.194678,0.296176,True,prerequisite_match:0.000000>1.000000;content_similarity:0.030780>0.060749,Missing prerequisites added to completed topics.
C0875,prerequisite_completion,P009,R094,apis,0.666667,1.0,0.469138,0.513897,True,job_skill_alignment:0.138889>0.208333;prerequisite_match:0.666667>1.000000;content_similarity:0.243655>0.263821,Missing prerequisites added to completed topics.
C0876,prerequisite_completion,P009,R095,apis;programming,0.0,1.0,0.242852,0.344748,True,prerequisite_match:0.000000>1.000000;content_similarity:0.148928>0.186850,Missing prerequisites added to completed topics.
C0877,preferred_difficulty,P009,R001,1,0.5,1.0,0.428299,0.478299,True,difficulty_match:0.500000>1.000000,Preference moved exactly to the resource difficulty.
C0878,preferred_difficulty,P009,R003,1,0.5,1.0,0.368674,0.418674,True,difficulty_match:0.500000>1.000000,Preference moved exactly to the resource difficulty.
C0879,preferred_difficulty,P009,R004,1,0.5,1.0,0.429819,0.479819,True,difficulty_match:0.500000>1.000000,Preference moved exactly to the resource difficulty.
C0880,preferred_difficulty,P009,R005,1,0.5,1.0,0.520727,0.570727,True,difficulty_match:0.500000>1.000000,Preference moved exactly to the resource difficulty.
C0881,preferred_difficulty,P009,R007,1,0.5,1.0,0.502759,0.552759,True,difficulty_match:0.500000>1.000000,Preference moved exactly to the resource difficulty.
C0882,preferred_difficulty,P009,R010,3,0.5,1.0,0.531195,0.612445,True,job_skill_alignment:0.208333>0.416667;difficulty_match:0.500000>1.000000,Preference moved exactly to the resource difficulty.
C0883,preferred_difficulty,P009,R011,3,0.5,1.0,0.466986,0.537819,True,job_skill_alignment:0.138889>0.277778;difficulty_match:0.500000>1.000000,Preference moved exactly to the resource difficulty.
C0884,preferred_difficulty,P009,R012,1,0.5,1.0,0.415853,0.465853,True,difficulty_match:0.500000>1.000000,Preference moved exactly to the resource difficulty.
C0885,preferred_difficulty,P009,R016,1,0.5,1.0,0.241065,0.291065,True,difficulty_match:0.500000>1.000000,Preference moved exactly to the resource difficulty.
C0886,preferred_difficulty,P009,R021,1,0.5,1.0,0.488059,0.538059,True,difficulty_match:0.500000>1.000000,Preference moved exactly to the resource difficulty.
C0887,preferred_difficulty,P009,R022,1,0.5,1.0,0.357007,0.407007,True,difficulty_match:0.500000>1.000000,Preference moved exactly to the resource difficulty.
C0888,preferred_difficulty,P009,R024,1,0.5,1.0,0.336962,0.386962,True,difficulty_match:0.500000>1.000000,Preference moved exactly to the resource difficulty.
C0889,preferred_difficulty,P009,R025,1,0.5,1.0,0.456652,0.506652,True,difficulty_match:0.500000>1.000000,Preference moved exactly to the resource difficulty.
C0890,preferred_difficulty,P009,R027,1,0.5,1.0,0.420101,0.470101,True,difficulty_match:0.500000>1.000000,Preference moved exactly to the resource difficulty.
C0891,preferred_difficulty,P009,R028,1,0.5,1.0,0.361277,0.411277,True,difficulty_match:0.500000>1.000000,Preference moved exactly to the resource difficulty.
C0892,preferred_difficulty,P009,R030,1,0.5,1.0,0.512256,0.562256,True,difficulty_match:0.500000>1.000000,Preference moved exactly to the resource difficulty.
C0893,preferred_difficulty,P009,R032,1,0.5,1.0,0.428622,0.478622,True,difficulty_match:0.500000>1.000000,Preference moved exactly to the resource difficulty.
C0894,preferred_difficulty,P009,R034,1,0.5,1.0,0.418942,0.468942,True,difficulty_match:0.500000>1.000000,Preference moved exactly to the resource difficulty.
C0895,preferred_difficulty,P009,R038,3,0.5,1.0,0.683542,0.808542,True,job_skill_alignment:0.500000>1.000000;difficulty_match:0.500000>1.000000,Preference moved exactly to the resource difficulty.
C0896,preferred_difficulty,P009,R039,3,0.5,1.0,0.613675,0.738675,True,job_skill_alignment:0.500000>1.000000;difficulty_match:0.500000>1.000000,Preference moved exactly to the resource difficulty.
C0897,preferred_difficulty,P009,R040,3,0.5,1.0,0.490726,0.571976,True,job_skill_alignment:0.208333>0.416667;difficulty_match:0.500000>1.000000,Preference moved exactly to the resource difficulty.
C0898,preferred_difficulty,P009,R041,3,0.5,1.0,0.677297,0.802297,True,job_skill_alignment:0.500000>1.000000;difficulty_match:0.500000>1.000000,Preference moved exactly to the resource difficulty.
C0899,preferred_difficulty,P009,R042,3,0.5,1.0,0.655353,0.780353,True,job_skill_alignment:0.500000>1.000000;difficulty_match:0.500000>1.000000,Preference moved exactly to the resource difficulty.
C0900,preferred_difficulty,P009,R045,3,0.5,1.0,0.533314,0.614564,True,job_skill_alignment:0.208333>0.416667;difficulty_match:0.500000>1.000000,Preference moved exactly to the resource difficulty.
C0901,preferred_difficulty,P009,R052,1,0.5,1.0,0.354857,0.404857,True,difficulty_match:0.500000>1.000000,Preference moved exactly to the resource difficulty.
C0902,preferred_difficulty,P009,R054,3,0.5,1.0,0.155294,0.205294,True,difficulty_match:0.500000>1.000000,Preference moved exactly to the resource difficulty.
C0903,preferred_difficulty,P009,R060,3,0.5,1.0,0.657611,0.782611,True,job_skill_alignment:0.500000>1.000000;difficulty_match:0.500000>1.000000,Preference moved exactly to the resource difficulty.
C0904,preferred_difficulty,P009,R061,1,0.5,1.0,0.403549,0.453549,True,difficulty_match:0.500000>1.000000,Preference moved exactly to the resource difficulty.
C0905,preferred_difficulty,P009,R064,1,0.5,1.0,0.340345,0.390345,True,difficulty_match:0.500000>1.000000,Preference moved exactly to the resource difficulty.
C0906,preferred_difficulty,P009,R065,1,0.5,1.0,0.498979,0.548979,True,difficulty_match:0.500000>1.000000,Preference moved exactly to the resource difficulty.
C0907,preferred_difficulty,P009,R068,3,0.5,1.0,0.576204,0.701204,True,job_skill_alignment:0.500000>1.000000;difficulty_match:0.500000>1.000000,Preference moved exactly to the resource difficulty.
C0908,preferred_difficulty,P009,R069,3,0.5,1.0,0.466663,0.537496,True,job_skill_alignment:0.138889>0.277778;difficulty_match:0.500000>1.000000,Preference moved exactly to the resource difficulty.
C0909,preferred_difficulty,P009,R070,1,0.5,1.0,0.414214,0.464214,True,difficulty_match:0.500000>1.000000,Preference moved exactly to the resource difficulty.
C0910,preferred_difficulty,P009,R091,1,0.5,1.0,0.436106,0.486106,True,difficulty_match:0.500000>1.000000,Preference moved exactly to the resource difficulty.
C0911,preferred_difficulty,P009,R092,1,0.5,1.0,0.362644,0.412644,True,difficulty_match:0.500000>1.000000,Preference moved exactly to the resource difficulty.
C0912,preferred_difficulty,P009,R094,3,0.5,1.0,0.469138,0.539972,True,job_skill_alignment:0.138889>0.277778;difficulty_match:0.500000>1.000000,Preference moved exactly to the resource difficulty.
C0913,preferred_difficulty,P009,R096,1,0.5,1.0,0.37275,0.42275,True,difficulty_match:0.500000>1.000000,Preference moved exactly to the resource difficulty.
C0914,weakness_removal,P009,R010,machine_learning,0.208333,0.0,0.531195,0.492695,True,skill_gap_match:0.194444>0.171429;job_skill_alignment:0.208333>0.000000;content_similarity:0.197671>0.167757,The resource's only declared-weak overlap was removed.
C0915,weakness_removal,P009,R011,machine_learning,0.138889,0.0,0.466986,0.440446,True,skill_gap_match:0.305556>0.285714;job_skill_alignment:0.138889>0.000000;content_similarity:0.226604>0.211679,The resource's only declared-weak overlap was removed.
C0916,weakness_removal,P009,R035,machine_learning,0.416667,0.0,0.650597,0.58303,True,skill_gap_match:0.305556>0.285714;job_skill_alignment:0.416667>0.000000;content_similarity:0.262169>0.260033,The resource's only declared-weak overlap was removed.
C0917,weakness_removal,P009,R040,machine_learning,0.208333,0.0,0.490726,0.453194,True,skill_gap_match:0.250000>0.228571;job_skill_alignment:0.208333>0.000000;content_similarity:0.198197>0.179694,The resource's only declared-weak overlap was removed.
C0918,weakness_removal,P009,R043,machine_learning,0.416667,0.0,0.58984,0.522084,True,skill_gap_match:0.305556>0.285714;job_skill_alignment:0.416667>0.000000;content_similarity:0.176689>0.170771,The resource's only declared-weak overlap was removed.
C0919,weakness_removal,P009,R045,machine_learning,0.208333,0.0,0.533314,0.494955,True,skill_gap_match:0.194444>0.171429;job_skill_alignment:0.208333>0.000000;content_similarity:0.179057>0.151960,The resource's only declared-weak overlap was removed.
C0920,weakness_removal,P009,R069,machine_learning,0.138889,0.0,0.466663,0.440141,True,skill_gap_match:0.305556>0.285714;job_skill_alignment:0.138889>0.000000;content_similarity:0.207148>0.192574,The resource's only declared-weak overlap was removed.
C0921,weakness_removal,P009,R094,machine_learning,0.138889,0.0,0.469138,0.442731,True,skill_gap_match:0.305556>0.285714;job_skill_alignment:0.138889>0.000000;content_similarity:0.243655>0.231378,The resource's only declared-weak overlap was removed.
C0922,irrelevant_completed_topic,P009,,counterfactual_irrelevant_topic,,,,,True,,"Top-ten recommendations, scores, and explanations compared exactly."
C0923,prerequisite_completion,P010,R008,statistics,0.5,1.0,0.35657,0.407124,True,prerequisite_match:0.500000>1.000000;content_similarity:0.156830>0.167920,Missing prerequisites added to completed topics.
C0924,prerequisite_completion,P010,R009,machine_learning,0.0,1.0,0.150992,0.251917,True,prerequisite_match:0.000000>1.000000;content_similarity:0.038686>0.057187,Missing prerequisites added to completed topics.
C0925,prerequisite_completion,P010,R010,machine_learning,0.5,1.0,0.292087,0.343383,True,prerequisite_match:0.500000>1.000000;content_similarity:0.091180>0.117087,Missing prerequisites added to completed topics.
C0926,prerequisite_completion,P010,R011,apis;machine_learning,0.333333,1.0,0.370772,0.439628,True,prerequisite_match:0.333333>1.000000;content_similarity:0.344807>0.388609,Missing prerequisites added to completed topics.
C0927,prerequisite_completion,P010,R013,programming,0.0,1.0,0.33199,0.433462,True,prerequisite_match:0.000000>1.000000;content_similarity:0.115229>0.144663,Missing prerequisites added to completed topics.
C0928,prerequisite_completion,P010,R016,programming,0.0,1.0,0.376122,0.476921,True,prerequisite_match:0.000000>1.000000;content_similarity:0.091868>0.107847,Missing prerequisites added to completed topics.
C0929,prerequisite_completion,P010,R023,statistics,0.5,1.0,0.412,0.469444,True,job_skill_alignment:0.046296>0.092593;prerequisite_match:0.500000>1.000000;content_similarity:0.133342>0.143334,Missing prerequisites added to completed topics.
C0930,prerequisite_completion,P010,R031,statistics,0.0,1.0,0.149785,0.252441,True,prerequisite_match:0.000000>1.000000;content_similarity:0.095536>0.148659,Missing prerequisites added to completed topics.
C0931,prerequisite_completion,P010,R036,statistics,0.5,1.0,0.386205,0.436733,True,prerequisite_match:0.500000>1.000000;content_similarity:0.117532>0.128090,Missing prerequisites added to completed topics.
C0932,prerequisite_completion,P010,R037,statistics,0.5,1.0,0.380495,0.430988,True,prerequisite_match:0.500000>1.000000;content_similarity:0.139334>0.149187,Missing prerequisites added to completed topics.
C0933,prerequisite_completion,P010,R038,machine_learning,0.5,1.0,0.362004,0.413345,True,prerequisite_match:0.500000>1.000000;content_similarity:0.219306>0.246128,Missing prerequisites added to completed topics.
C0934,prerequisite_completion,P010,R039,machine_learning,0.5,1.0,0.39057,0.44142,True,prerequisite_match:0.500000>1.000000;content_similarity:0.285444>0.302438,Missing prerequisites added to completed topics.
C0935,prerequisite_completion,P010,R040,machine_learning,0.5,1.0,0.359384,0.410194,True,prerequisite_match:0.500000>1.000000;content_similarity:0.269877>0.286075,Missing prerequisites added to completed topics.
C0936,prerequisite_completion,P010,R041,machine_learning,0.0,1.0,0.134777,0.235669,True,prerequisite_match:0.000000>1.000000;content_similarity:0.116101>0.133954,Missing prerequisites added to completed topics.
C0937,prerequisite_completion,P010,R042,machine_learning,0.0,1.0,0.108668,0.20944,True,prerequisite_match:0.000000>1.000000;content_similarity:0.088086>0.103529,Missing prerequisites added to completed topics.
C0938,prerequisite_completion,P010,R044,statistics,0.5,1.0,0.220548,0.27154,True,prerequisite_match:0.500000>1.000000;content_similarity:0.076652>0.096487,Missing prerequisites added to completed topics.
C0939,prerequisite_completion,P010,R045,machine_learning,0.5,1.0,0.294708,0.345882,True,prerequisite_match:0.500000>1.000000;content_similarity:0.082594>0.106062,Missing prerequisites added to completed topics.
C0940,prerequisite_completion,P010,R051,apis,0.0,1.0,0.332489,0.447717,True,job_skill_alignment:0.000000>0.092593;prerequisite_match:0.000000>1.000000;content_similarity:0.175171>0.201952,Missing prerequisites added to completed topics.
C0941,prerequisite_completion,P010,R053,version_control,0.0,1.0,0.337854,0.453521,True,job_skill_alignment:0.000000>0.092593;prerequisite_match:0.000000>1.000000;content_similarity:0.193467>0.229030,Missing prerequisites added to completed topics.
C0942,prerequisite_completion,P010,R054,oop,0.0,1.0,0.286491,0.389134,True,prerequisite_match:0.000000>1.000000;content_similarity:0.084171>0.137034,Missing prerequisites added to completed topics.
C0943,prerequisite_completion,P010,R055,programming,0.5,1.0,0.55443,0.621626,True,job_skill_alignment:0.111111>0.222222;prerequisite_match:0.500000>1.000000;content_similarity:0.320491>0.331075,Missing prerequisites added to completed topics.
C0944,prerequisite_completion,P010,R056,programming,0.0,1.0,0.36749,0.482613,True,job_skill_alignment:0.000000>0.092593;prerequisite_match:0.000000>1.000000;content_similarity:0.179957>0.204632,Missing prerequisites added to completed topics.
C0945,prerequisite_completion,P010,R057,programming,0.0,1.0,0.471848,0.605937,True,job_skill_alignment:0.000000>0.222222;prerequisite_match:0.000000>1.000000;content_similarity:0.203255>0.218377,Missing prerequisites added to completed topics.
C0946,prerequisite_completion,P010,R058,programming,0.0,1.0,0.377204,0.519109,True,job_skill_alignment:0.000000>0.277778;prerequisite_match:0.000000>1.000000;content_similarity:0.286155>0.290926,Missing prerequisites added to completed topics.
C0947,prerequisite_completion,P010,R060,machine_learning,0.5,1.0,0.325195,0.375906,True,prerequisite_match:0.500000>1.000000;content_similarity:0.068339>0.082556,Missing prerequisites added to completed topics.
C0948,prerequisite_completion,P010,R066,statistics,0.5,1.0,0.3819,0.432454,True,prerequisite_match:0.500000>1.000000;content_similarity:0.085432>0.096508,Missing prerequisites added to completed topics.
C0949,prerequisite_completion,P010,R067,machine_learning,0.0,1.0,0.150087,0.250851,True,prerequisite_match:0.000000>1.000000;content_similarity:0.026579>0.041860,Missing prerequisites added to completed topics.
C0950,prerequisite_completion,P010,R068,machine_learning,0.0,1.0,0.286383,0.387102,True,prerequisite_match:0.000000>1.000000;content_similarity:0.166048>0.180429,Missing prerequisites added to completed topics.
C0951,prerequisite_completion,P010,R069,apis;machine_learning,0.333333,1.0,0.368946,0.436814,True,prerequisite_match:0.333333>1.000000;content_similarity:0.295297>0.319311,Missing prerequisites added to completed topics.
C0952,prerequisite_completion,P010,R071,programming,0.0,1.0,0.347302,0.461957,True,job_skill_alignment:0.000000>0.092593;prerequisite_match:0.000000>1.000000;content_similarity:0.117346>0.132671,Missing prerequisites added to completed topics.
C0953,prerequisite_completion,P010,R072,programming,0.5,1.0,0.529279,0.589615,True,job_skill_alignment:0.064815>0.129630;prerequisite_match:0.500000>1.000000;content_similarity:0.308543>0.320819,Missing prerequisites added to completed topics.
C0954,prerequisite_completion,P010,R073,programming,0.0,1.0,0.354506,0.469078,True,job_skill_alignment:0.000000>0.092593;prerequisite_match:0.000000>1.000000;content_similarity:0.113351>0.127022,Missing prerequisites added to completed topics.
C0955,prerequisite_completion,P010,R074,programming,0.0,1.0,0.329795,0.430898,True,prerequisite_match:0.000000>1.000000;content_similarity:0.089338>0.111393,Missing prerequisites added to completed topics.
C0956,prerequisite_completion,P010,R092,data_visualisation,0.0,1.0,0.392643,0.521437,True,job_skill_alignment:0.000000>0.185185;prerequisite_match:0.000000>1.000000;content_similarity:0.088170>0.108494,Missing prerequisites added to completed topics.
C0957,prerequisite_completion,P010,R093,machine_learning,0.5,1.0,0.412576,0.470179,True,job_skill_alignment:0.046296>0.092593;prerequisite_match:0.500000>1.000000;content_similarity:0.104858>0.118045,Missing prerequisites added to completed topics.
C0958,prerequisite_completion,P010,R094,apis;machine_learning,0.333333,1.0,0.447421,0.515386,True,prerequisite_match:0.333333>1.000000;content_similarity:0.185125>0.211102,Missing prerequisites added to completed topics.
C0959,prerequisite_completion,P010,R095,apis;programming,0.0,1.0,0.476533,0.611127,True,job_skill_alignment:0.000000>0.222222;prerequisite_match:0.000000>1.000000;content_similarity:0.168958>0.194163,Missing prerequisites added to completed topics.
C0960,skill_improvement,P010,R021,data_cleaning,0.098039,0.0,0.577084,0.52116,True,skill_gap_match:0.098039>0.000000;job_skill_alignment:0.185185>0.000000;content_similarity:0.136921>0.064202,Skill raised to pathway requirement and weak flag removed.
C0961,skill_improvement,P010,R012,version_control,0.098039,0.0,0.508842,0.451905,True,skill_gap_match:0.098039>0.000000;job_skill_alignment:0.185185>0.000000;content_similarity:0.133761>0.040776,Skill raised to pathway requirement and weak flag removed.
C0962,skill_improvement,P010,R070,version_control,0.098039,0.0,0.50725,0.449932,True,skill_gap_match:0.098039>0.000000;job_skill_alignment:0.185185>0.000000;content_similarity:0.137912>0.037301,Skill raised to pathway requirement and weak flag removed.
C0963,preferred_difficulty,P010,R002,2,0.5,1.0,0.610508,0.693841,True,job_skill_alignment:0.222222>0.444444;difficulty_match:0.500000>1.000000,Preference moved exactly to the resource difficulty.
C0964,preferred_difficulty,P010,R006,2,0.5,1.0,0.556919,0.620808,True,job_skill_alignment:0.092593>0.185185;difficulty_match:0.500000>1.000000,Preference moved exactly to the resource difficulty.
C0965,preferred_difficulty,P010,R008,2,0.5,1.0,0.35657,0.40657,True,difficulty_match:0.500000>1.000000,Preference moved exactly to the resource difficulty.
C0966,preferred_difficulty,P010,R009,2,0.5,1.0,0.150992,0.200992,True,difficulty_match:0.500000>1.000000,Preference moved exactly to the resource difficulty.
C0967,preferred_difficulty,P010,R010,3,0.0,1.0,0.292087,0.392087,True,difficulty_match:0.000000>1.000000,Preference moved exactly to the resource difficulty.
C0968,preferred_difficulty,P010,R011,3,0.0,1.0,0.370772,0.48929,True,job_skill_alignment:0.000000>0.123457;difficulty_match:0.000000>1.000000,Preference moved exactly to the resource difficulty.
C0969,preferred_difficulty,P010,R013,2,0.5,1.0,0.33199,0.38199,True,difficulty_match:0.500000>1.000000,Preference moved exactly to the resource difficulty.
C0970,preferred_difficulty,P010,R014,2,0.5,1.0,0.521196,0.598974,True,job_skill_alignment:0.185185>0.370370;difficulty_match:0.500000>1.000000,Preference moved exactly to the resource difficulty.
C0971,preferred_difficulty,P010,R015,2,0.5,1.0,0.570365,0.639809,True,job_skill_alignment:0.129630>0.259259;difficulty_match:0.500000>1.000000,Preference moved exactly to the resource difficulty.
C0972,preferred_difficulty,P010,R017,2,0.5,1.0,0.279421,0.329421,True,difficulty_match:0.500000>1.000000,Preference moved exactly to the resource difficulty.
C0973,preferred_difficulty,P010,R023,2,0.5,1.0,0.412,0.468944,True,job_skill_alignment:0.046296>0.092593;difficulty_match:0.500000>1.000000,Preference moved exactly to the resource difficulty.
C0974,preferred_difficulty,P010,R026,2,0.5,1.0,0.51907,0.56907,True,difficulty_match:0.500000>1.000000,Preference moved exactly to the resource difficulty.
C0975,preferred_difficulty,P010,R029,2,0.5,1.0,0.487642,0.551531,True,job_skill_alignment:0.092593>0.185185;difficulty_match:0.500000>1.000000,Preference moved exactly to the resource difficulty.
C0976,preferred_difficulty,P010,R031,2,0.5,1.0,0.149785,0.199785,True,difficulty_match:0.500000>1.000000,Preference moved exactly to the resource difficulty.
C0977,preferred_difficulty,P010,R033,2,0.5,1.0,0.570292,0.634181,True,job_skill_alignment:0.092593>0.185185;difficulty_match:0.500000>1.000000,Preference moved exactly to the resource difficulty.
C0978,preferred_difficulty,P010,R035,2,0.5,1.0,0.423556,0.473556,True,difficulty_match:0.500000>1.000000,Preference moved exactly to the resource difficulty.
C0979,preferred_difficulty,P010,R036,2,0.5,1.0,0.386205,0.436205,True,difficulty_match:0.500000>1.000000,Preference moved exactly to the resource difficulty.
C0980,preferred_difficulty,P010,R037,2,0.5,1.0,0.380495,0.430495,True,difficulty_match:0.500000>1.000000,Preference moved exactly to the resource difficulty.
C0981,preferred_difficulty,P010,R038,3,0.0,1.0,0.362004,0.475892,True,job_skill_alignment:0.000000>0.092593;difficulty_match:0.000000>1.000000,Preference moved exactly to the resource difficulty.
C0982,preferred_difficulty,P010,R039,3,0.0,1.0,0.39057,0.518348,True,job_skill_alignment:0.000000>0.185185;difficulty_match:0.000000>1.000000,Preference moved exactly to the resource difficulty.
C0983,preferred_difficulty,P010,R040,3,0.0,1.0,0.359384,0.487162,True,job_skill_alignment:0.000000>0.185185;difficulty_match:0.000000>1.000000,Preference moved exactly to the resource difficulty.
C0984,preferred_difficulty,P010,R041,3,0.0,1.0,0.134777,0.234777,True,difficulty_match:0.000000>1.000000,Preference moved exactly to the resource difficulty.
C0985,preferred_difficulty,P010,R042,3,0.0,1.0,0.108668,0.208668,True,difficulty_match:0.000000>1.000000,Preference moved exactly to the resource difficulty.
C0986,preferred_difficulty,P010,R043,2,0.5,1.0,0.510817,0.588595,True,job_skill_alignment:0.185185>0.370370;difficulty_match:0.500000>1.000000,Preference moved exactly to the resource difficulty.
C0987,preferred_difficulty,P010,R044,2,0.5,1.0,0.220548,0.270548,True,difficulty_match:0.500000>1.000000,Preference moved exactly to the resource difficulty.
C0988,preferred_difficulty,P010,R045,3,0.0,1.0,0.294708,0.394708,True,difficulty_match:0.000000>1.000000,Preference moved exactly to the resource difficulty.
C0989,preferred_difficulty,P010,R046,2,0.5,1.0,0.464054,0.514054,True,difficulty_match:0.500000>1.000000,Preference moved exactly to the resource difficulty.
C0990,preferred_difficulty,P010,R050,2,0.5,1.0,0.540749,0.624083,True,job_skill_alignment:0.222222>0.444444;difficulty_match:0.500000>1.000000,Preference moved exactly to the resource difficulty.
C0991,preferred_difficulty,P010,R051,2,0.5,1.0,0.332489,0.382489,True,difficulty_match:0.500000>1.000000,Preference moved exactly to the resource difficulty.
C0992,preferred_difficulty,P010,R053,2,0.5,1.0,0.337854,0.387854,True,difficulty_match:0.500000>1.000000,Preference moved exactly to the resource difficulty.
C0993,preferred_difficulty,P010,R054,3,0.0,1.0,0.286491,0.386491,True,difficulty_match:0.000000>1.000000,Preference moved exactly to the resource difficulty.
C0994,preferred_difficulty,P010,R055,2,0.5,1.0,0.55443,0.621097,True,job_skill_alignment:0.111111>0.222222;difficulty_match:0.500000>1.000000,Preference moved exactly to the resource difficulty.
C0995,preferred_difficulty,P010,R056,2,0.5,1.0,0.36749,0.41749,True,difficulty_match:0.500000>1.000000,Preference moved exactly to the resource difficulty.
C0996,preferred_difficulty,P010,R057,2,0.5,1.0,0.471848,0.521848,True,difficulty_match:0.500000>1.000000,Preference moved exactly to the resource difficulty.
C0997,preferred_difficulty,P010,R058,2,0.5,1.0,0.377204,0.427204,True,difficulty_match:0.500000>1.000000,Preference moved exactly to the resource difficulty.
C0998,preferred_difficulty,P010,R060,3,0.0,1.0,0.325195,0.425195,True,difficulty_match:0.000000>1.000000,Preference moved exactly to the resource difficulty.
C0999,preferred_difficulty,P010,R062,2,0.5,1.0,0.566824,0.636268,True,job_skill_alignment:0.129630>0.259259;difficulty_match:0.500000>1.000000,Preference moved exactly to the resource difficulty.
C1000,preferred_difficulty,P010,R063,2,0.5,1.0,0.544751,0.60864,True,job_skill_alignment:0.092593>0.185185;difficulty_match:0.500000>1.000000,Preference moved exactly to the resource difficulty.
C1001,preferred_difficulty,P010,R066,2,0.5,1.0,0.3819,0.4319,True,difficulty_match:0.500000>1.000000,Preference moved exactly to the resource difficulty.
C1002,preferred_difficulty,P010,R067,2,0.5,1.0,0.150087,0.200087,True,difficulty_match:0.500000>1.000000,Preference moved exactly to the resource difficulty.
C1003,preferred_difficulty,P010,R068,3,0.0,1.0,0.286383,0.386383,True,difficulty_match:0.000000>1.000000,Preference moved exactly to the resource difficulty.
C1004,preferred_difficulty,P010,R069,3,0.0,1.0,0.368946,0.487465,True,job_skill_alignment:0.000000>0.123457;difficulty_match:0.000000>1.000000,Preference moved exactly to the resource difficulty.
C1005,preferred_difficulty,P010,R071,2,0.5,1.0,0.347302,0.397302,True,difficulty_match:0.500000>1.000000,Preference moved exactly to the resource difficulty.
C1006,preferred_difficulty,P010,R072,2,0.5,1.0,0.529279,0.589001,True,job_skill_alignment:0.064815>0.129630;difficulty_match:0.500000>1.000000,Preference moved exactly to the resource difficulty.
C1007,preferred_difficulty,P010,R073,2,0.5,1.0,0.354506,0.404506,True,difficulty_match:0.500000>1.000000,Preference moved exactly to the resource difficulty.
C1008,preferred_difficulty,P010,R074,2,0.5,1.0,0.329795,0.379795,True,difficulty_match:0.500000>1.000000,Preference moved exactly to the resource difficulty.
C1009,preferred_difficulty,P010,R075,2,0.5,1.0,0.57854,0.642429,True,job_skill_alignment:0.092593>0.185185;difficulty_match:0.500000>1.000000,Preference moved exactly to the resource difficulty.
C1010,preferred_difficulty,P010,R093,2,0.5,1.0,0.412576,0.46952,True,job_skill_alignment:0.046296>0.092593;difficulty_match:0.500000>1.000000,Preference moved exactly to the resource difficulty.
C1011,preferred_difficulty,P010,R094,3,0.0,1.0,0.447421,0.565939,True,job_skill_alignment:0.000000>0.123457;difficulty_match:0.000000>1.000000,Preference moved exactly to the resource difficulty.
C1012,preferred_difficulty,P010,R095,2,0.5,1.0,0.476533,0.526533,True,difficulty_match:0.500000>1.000000,Preference moved exactly to the resource difficulty.
C1013,weakness_removal,P010,R051,apis,0.0,0.0,0.332489,0.326715,True,skill_gap_match:0.137255>0.120000;content_similarity:0.175171>0.145971,The resource's only declared-weak overlap was removed.
C1014,weakness_removal,P010,R071,apis,0.0,0.0,0.347302,0.342255,True,skill_gap_match:0.176471>0.160000;content_similarity:0.117346>0.098762,The resource's only declared-weak overlap was removed.
C1015,weakness_removal,P010,R073,apis,0.0,0.0,0.354506,0.350237,True,skill_gap_match:0.215686>0.200000;content_similarity:0.113351>0.106401,The resource's only declared-weak overlap was removed.
C1016,weakness_removal,P010,R001,data_cleaning,0.185185,0.0,0.623401,0.591228,True,skill_gap_match:0.176471>0.160000;job_skill_alignment:0.185185>0.000000;content_similarity:0.284108>0.278552,The resource's only declared-weak overlap was removed.
C1017,weakness_removal,P010,R003,data_cleaning,0.185185,0.0,0.517046,0.484465,True,skill_gap_match:0.137255>0.120000;job_skill_alignment:0.185185>0.000000;content_similarity:0.073755>0.063962,The resource's only declared-weak overlap was removed.
C1018,weakness_removal,P010,R006,data_cleaning,0.092593,0.0,0.556919,0.538043,True,skill_gap_match:0.215686>0.200000;job_skill_alignment:0.092593>0.000000;content_similarity:0.189173>0.167866,The resource's only declared-weak overlap was removed.
C1019,weakness_removal,P010,R021,data_cleaning,0.185185,0.0,0.577084,0.543681,True,skill_gap_match:0.098039>0.080000;job_skill_alignment:0.185185>0.000000;content_similarity:0.136921>0.114626,The resource's only declared-weak overlap was removed.
C1020,weakness_removal,P010,R023,data_cleaning,0.046296,0.0,0.412,0.40066,True,skill_gap_match:0.215686>0.200000;job_skill_alignment:0.046296>0.000000;content_similarity:0.133342>0.123872,The resource's only declared-weak overlap was removed.
C1021,weakness_removal,P010,R025,data_cleaning,0.185185,0.0,0.628884,0.596757,True,skill_gap_match:0.215686>0.200000;job_skill_alignment:0.185185>0.000000;content_similarity:0.208699>0.200132,The resource's only declared-weak overlap was removed.
C1022,weakness_removal,P010,R028,data_cleaning,0.185185,0.0,0.523707,0.491309,True,skill_gap_match:0.176471>0.160000;job_skill_alignment:0.185185>0.000000;content_similarity:0.097899>0.087854,The resource's only declared-weak overlap was removed.
C1023,weakness_removal,P010,R029,data_cleaning,0.092593,0.0,0.487642,0.469668,True,skill_gap_match:0.254902>0.240000;job_skill_alignment:0.092593>0.000000;content_similarity:0.194216>0.187020,The resource's only declared-weak overlap was removed.
C1024,weakness_removal,P010,R033,data_cleaning,0.092593,0.0,0.570292,0.552027,True,skill_gap_match:0.254902>0.240000;job_skill_alignment:0.092593>0.000000;content_similarity:0.399548>0.386548,The resource's only declared-weak overlap was removed.
C1025,weakness_removal,P010,R063,data_cleaning,0.092593,0.0,0.544751,0.525776,True,skill_gap_match:0.176471>0.160000;job_skill_alignment:0.092593>0.000000;content_similarity:0.157889>0.138517,The resource's only declared-weak overlap was removed.
C1026,weakness_removal,P010,R075,data_cleaning,0.092593,0.0,0.57854,0.56094,True,skill_gap_match:0.294118>0.280000;job_skill_alignment:0.092593>0.000000;content_similarity:0.233434>0.229803,The resource's only declared-weak overlap was removed.
C1027,weakness_removal,P010,R091,data_cleaning,0.185185,0.0,0.621018,0.589107,True,skill_gap_match:0.215686>0.200000;job_skill_alignment:0.185185>0.000000;content_similarity:0.217366>0.213132,The resource's only declared-weak overlap was removed.
C1028,weakness_removal,P010,R092,data_cleaning,0.0,0.0,0.392643,0.388076,True,skill_gap_match:0.176471>0.160000;content_similarity:0.088170>0.079184,The resource's only declared-weak overlap was removed.
C1029,weakness_removal,P010,R093,data_cleaning,0.046296,0.0,0.412576,0.401287,True,skill_gap_match:0.215686>0.200000;job_skill_alignment:0.046296>0.000000;content_similarity:0.104858>0.096415,The resource's only declared-weak overlap was removed.
C1030,weakness_removal,P010,R015,databases,0.12963,0.0,0.570365,0.546276,True,skill_gap_match:0.215686>0.200000;job_skill_alignment:0.129630>0.000000;content_similarity:0.330970>0.316518,The resource's only declared-weak overlap was removed.
C1031,weakness_removal,P010,R027,databases,0.259259,0.0,0.638747,0.595857,True,skill_gap_match:0.215686>0.200000;job_skill_alignment:0.259259>0.000000;content_similarity:0.292721>0.291145,The resource's only declared-weak overlap was removed.
C1032,weakness_removal,P010,R034,databases,0.259259,0.0,0.640289,0.595969,True,skill_gap_match:0.215686>0.200000;job_skill_alignment:0.259259>0.000000;content_similarity:0.300577>0.270386,The resource's only declared-weak overlap was removed.
C1033,weakness_removal,P010,R062,databases,0.12963,0.0,0.566824,0.543374,True,skill_gap_match:0.215686>0.200000;job_skill_alignment:0.129630>0.000000;content_similarity:0.272159>0.270483,The resource's only declared-weak overlap was removed.
C1034,weakness_removal,P010,R072,databases,0.064815,0.0,0.529279,0.514703,True,skill_gap_match:0.294118>0.280000;job_skill_alignment:0.064815>0.000000;content_similarity:0.308543>0.282059,The resource's only declared-weak overlap was removed.
C1035,weakness_removal,P010,R038,deployment,0.0,0.0,0.362004,0.356839,True,skill_gap_match:0.215686>0.200000;content_similarity:0.219306>0.194445,The resource's only declared-weak overlap was removed.
C1036,weakness_removal,P010,R041,deployment,0.0,0.0,0.134777,0.130253,True,skill_gap_match:0.215686>0.200000;content_similarity:0.116101>0.104070,The resource's only declared-weak overlap was removed.
C1037,weakness_removal,P010,R042,deployment,0.0,0.0,0.108668,0.10382,True,skill_gap_match:0.137255>0.120000;content_similarity:0.088086>0.077392,The resource's only declared-weak overlap was removed.
C1038,weakness_removal,P010,R068,deployment,0.0,0.0,0.286383,0.280379,True,skill_gap_match:0.137255>0.120000;content_similarity:0.166048>0.132255,The resource's only declared-weak overlap was removed.
C1039,weakness_removal,P010,R012,version_control,0.185185,0.0,0.508842,0.475136,True,skill_gap_match:0.098039>0.080000;job_skill_alignment:0.185185>0.000000;content_similarity:0.133761>0.105381,The resource's only declared-weak overlap was removed.
C1040,weakness_removal,P010,R022,version_control,0.185185,0.0,0.623354,0.591467,True,skill_gap_match:0.254902>0.240000;job_skill_alignment:0.185185>0.000000;content_similarity:0.202018>0.194348,The resource's only declared-weak overlap was removed.
C1041,weakness_removal,P010,R053,version_control,0.0,0.0,0.337854,0.331537,True,skill_gap_match:0.137255>0.120000;content_similarity:0.193467>0.153411,The resource's only declared-weak overlap was removed.
C1042,weakness_removal,P010,R056,version_control,0.0,0.0,0.36749,0.36321,True,skill_gap_match:0.254902>0.240000;content_similarity:0.179957>0.168860,The resource's only declared-weak overlap was removed.
C1043,weakness_removal,P010,R070,version_control,0.185185,0.0,0.50725,0.473424,True,skill_gap_match:0.098039>0.080000;job_skill_alignment:0.185185>0.000000;content_similarity:0.137912>0.107138,The resource's only declared-weak overlap was removed.
C1044,weakness_removal,P010,R096,version_control,0.185185,0.0,0.633379,0.601597,True,skill_gap_match:0.294118>0.280000;job_skill_alignment:0.185185>0.000000;content_similarity:0.125444>0.115931,The resource's only declared-weak overlap was removed.
C1045,irrelevant_completed_topic,P010,,counterfactual_irrelevant_topic,,,,,True,,"Top-ten recommendations, scores, and explanations compared exactly."
C1046,prerequisite_completion,P011,R008,statistics,0.5,1.0,0.407206,0.457877,True,prerequisite_match:0.500000>1.000000;content_similarity:0.151730>0.165144,Missing prerequisites added to completed topics.
C1047,prerequisite_completion,P011,R009,machine_learning,0.0,1.0,0.21178,0.312931,True,prerequisite_match:0.000000>1.000000;content_similarity:0.040536>0.063568,Missing prerequisites added to completed topics.
C1048,prerequisite_completion,P011,R010,machine_learning,0.5,1.0,0.342851,0.394462,True,prerequisite_match:0.500000>1.000000;content_similarity:0.088628>0.120853,Missing prerequisites added to completed topics.
C1049,prerequisite_completion,P011,R011,machine_learning,0.666667,1.0,0.503586,0.555907,True,job_skill_alignment:0.242424>0.363636;prerequisite_match:0.666667>1.000000;content_similarity:0.357590>0.373723,Missing prerequisites added to completed topics.
C1050,prerequisite_completion,P011,R023,statistics,0.5,1.0,0.446642,0.497243,True,prerequisite_match:0.500000>1.000000;content_similarity:0.134411>0.146429,Missing prerequisites added to completed topics.
C1051,prerequisite_completion,P011,R031,statistics,0.0,1.0,0.211374,0.31466,True,prerequisite_match:0.000000>1.000000;content_similarity:0.113412>0.179147,Missing prerequisites added to completed topics.
C1052,prerequisite_completion,P011,R036,statistics,0.5,1.0,0.43694,0.487582,True,prerequisite_match:0.500000>1.000000;content_similarity:0.114405>0.127252,Missing prerequisites added to completed topics.
C1053,prerequisite_completion,P011,R037,statistics,0.5,1.0,0.43116,0.481756,True,prerequisite_match:0.500000>1.000000;content_similarity:0.134803>0.146721,Missing prerequisites added to completed topics.
C1054,prerequisite_completion,P011,R038,machine_learning,0.5,1.0,0.444733,0.513414,True,job_skill_alignment:0.113636>0.227273;prerequisite_match:0.500000>1.000000;content_similarity:0.247785>0.280482,Missing prerequisites added to completed topics.
C1055,prerequisite_completion,P011,R039,machine_learning,0.5,1.0,0.48142,0.559708,True,job_skill_alignment:0.181818>0.363636;prerequisite_match:0.500000>1.000000;content_similarity:0.307424>0.327745,Missing prerequisites added to completed topics.
C1056,prerequisite_completion,P011,R040,machine_learning,0.5,1.0,0.455854,0.534081,True,job_skill_alignment:0.181818>0.363636;prerequisite_match:0.500000>1.000000;content_similarity:0.315146>0.334234,Missing prerequisites added to completed topics.
C1057,prerequisite_completion,P011,R041,machine_learning,0.0,1.0,0.19964,0.334826,True,job_skill_alignment:0.000000>0.227273;prerequisite_match:0.000000>1.000000;content_similarity:0.128158>0.150074,Missing prerequisites added to completed topics.
C1058,prerequisite_completion,P011,R042,machine_learning,0.0,1.0,0.177822,0.312864,True,job_skill_alignment:0.000000>0.227273;prerequisite_match:0.000000>1.000000;content_similarity:0.096841>0.115849,Missing prerequisites added to completed topics.
C1059,prerequisite_completion,P011,R044,statistics,0.5,1.0,0.27701,0.328232,True,prerequisite_match:0.500000>1.000000;content_similarity:0.081113>0.105557,Missing prerequisites added to completed topics.
C1060,prerequisite_completion,P011,R045,machine_learning,0.5,1.0,0.345484,0.396943,True,prerequisite_match:0.500000>1.000000;content_similarity:0.080283>0.109473,Missing prerequisites added to completed topics.
C1061,prerequisite_completion,P011,R054,oop,0.0,1.0,0.343525,0.446756,True,prerequisite_match:0.000000>1.000000;content_similarity:0.100076>0.164688,Missing prerequisites added to completed topics.
C1062,prerequisite_completion,P011,R060,machine_learning,0.5,1.0,0.375885,0.426769,True,prerequisite_match:0.500000>1.000000;content_similarity:0.064316>0.081986,Missing prerequisites added to completed topics.
C1063,prerequisite_completion,P011,R066,statistics,0.5,1.0,0.433005,0.483679,True,prerequisite_match:0.500000>1.000000;content_similarity:0.089708>0.103187,Missing prerequisites added to completed topics.
C1064,prerequisite_completion,P011,R067,machine_learning,0.0,1.0,0.211123,0.312072,True,prerequisite_match:0.000000>1.000000;content_similarity:0.033395>0.052370,Missing prerequisites added to completed topics.
C1065,prerequisite_completion,P011,R068,machine_learning,0.0,1.0,0.357229,0.492174,True,job_skill_alignment:0.000000>0.227273;prerequisite_match:0.000000>1.000000;content_similarity:0.208634>0.225728,Missing prerequisites added to completed topics.
C1066,prerequisite_completion,P011,R069,machine_learning,0.666667,1.0,0.502865,0.555158,True,job_skill_alignment:0.242424>0.363636;prerequisite_match:0.666667>1.000000;content_similarity:0.330171>0.345735,Missing prerequisites added to completed topics.
C1067,prerequisite_completion,P011,R092,data_visualisation,0.0,1.0,0.347995,0.449176,True,prerequisite_match:0.000000>1.000000;content_similarity:0.168473>0.192097,Missing prerequisites added to completed topics.
C1068,prerequisite_completion,P011,R093,machine_learning,0.5,1.0,0.450658,0.501429,True,prerequisite_match:0.500000>1.000000;content_similarity:0.174740>0.190164,Missing prerequisites added to completed topics.
C1069,prerequisite_completion,P011,R094,machine_learning,0.666667,1.0,0.583801,0.636078,True,job_skill_alignment:0.242424>0.363636;prerequisite_match:0.666667>1.000000;content_similarity:0.269231>0.284472,Missing prerequisites added to completed topics.
C1070,skill_improvement,P011,R012,version_control,0.090909,0.0,0.449084,0.402014,True,skill_gap_match:0.090909>0.000000;job_skill_alignment:0.136364>0.000000;content_similarity:0.120710>0.042956,Skill raised to pathway requirement and weak flag removed.
C1071,skill_improvement,P011,R070,version_control,0.090909,0.0,0.447747,0.400379,True,skill_gap_match:0.090909>0.000000;job_skill_alignment:0.136364>0.000000;content_similarity:0.129961>0.046248,Skill raised to pathway requirement and weak flag removed.
C1072,preferred_difficulty,P011,R001,1,0.5,1.0,0.530749,0.580749,True,difficulty_match:0.500000>1.000000,Preference moved exactly to the resource difficulty.
C1073,preferred_difficulty,P011,R003,1,0.5,1.0,0.435162,0.485162,True,difficulty_match:0.500000>1.000000,Preference moved exactly to the resource difficulty.
C1074,preferred_difficulty,P011,R004,1,0.5,1.0,0.26367,0.31367,True,difficulty_match:0.500000>1.000000,Preference moved exactly to the resource difficulty.
C1075,preferred_difficulty,P011,R005,1,0.5,1.0,0.440777,0.490777,True,difficulty_match:0.500000>1.000000,Preference moved exactly to the resource difficulty.
C1076,preferred_difficulty,P011,R007,1,0.5,1.0,0.247865,0.297865,True,difficulty_match:0.500000>1.000000,Preference moved exactly to the resource difficulty.
C1077,preferred_difficulty,P011,R010,3,0.5,1.0,0.342851,0.392851,True,difficulty_match:0.500000>1.000000,Preference moved exactly to the resource difficulty.
C1078,preferred_difficulty,P011,R011,3,0.5,1.0,0.503586,0.589949,True,job_skill_alignment:0.242424>0.484848;difficulty_match:0.500000>1.000000,Preference moved exactly to the resource difficulty.
C1079,preferred_difficulty,P011,R012,1,0.5,1.0,0.449084,0.519539,True,job_skill_alignment:0.136364>0.272727;difficulty_match:0.500000>1.000000,Preference moved exactly to the resource difficulty.
C1080,preferred_difficulty,P011,R016,1,0.5,1.0,0.427832,0.477832,True,difficulty_match:0.500000>1.000000,Preference moved exactly to the resource difficulty.
C1081,preferred_difficulty,P011,R021,1,0.5,1.0,0.489069,0.539069,True,difficulty_match:0.500000>1.000000,Preference moved exactly to the resource difficulty.
C1082,preferred_difficulty,P011,R022,1,0.5,1.0,0.558341,0.628796,True,job_skill_alignment:0.136364>0.272727;difficulty_match:0.500000>1.000000,Preference moved exactly to the resource difficulty.
C1083,preferred_difficulty,P011,R024,1,0.5,1.0,0.338484,0.388484,True,difficulty_match:0.500000>1.000000,Preference moved exactly to the resource difficulty.
C1084,preferred_difficulty,P011,R025,1,0.5,1.0,0.541999,0.591999,True,difficulty_match:0.500000>1.000000,Preference moved exactly to the resource difficulty.
C1085,preferred_difficulty,P011,R027,1,0.5,1.0,0.524587,0.574587,True,difficulty_match:0.500000>1.000000,Preference moved exactly to the resource difficulty.
C1086,preferred_difficulty,P011,R028,1,0.5,1.0,0.447396,0.497396,True,difficulty_match:0.500000>1.000000,Preference moved exactly to the resource difficulty.
C1087,preferred_difficulty,P011,R030,1,0.5,1.0,0.431781,0.481781,True,difficulty_match:0.500000>1.000000,Preference moved exactly to the resource difficulty.
C1088,preferred_difficulty,P011,R032,1,0.5,1.0,0.262328,0.312328,True,difficulty_match:0.500000>1.000000,Preference moved exactly to the resource difficulty.
C1089,preferred_difficulty,P011,R034,1,0.5,1.0,0.525042,0.575042,True,difficulty_match:0.500000>1.000000,Preference moved exactly to the resource difficulty.
C1090,preferred_difficulty,P011,R038,3,0.5,1.0,0.444733,0.511779,True,job_skill_alignment:0.113636>0.227273;difficulty_match:0.500000>1.000000,Preference moved exactly to the resource difficulty.
C1091,preferred_difficulty,P011,R039,3,0.5,1.0,0.48142,0.558692,True,job_skill_alignment:0.181818>0.363636;difficulty_match:0.500000>1.000000,Preference moved exactly to the resource difficulty.
C1092,preferred_difficulty,P011,R040,3,0.5,1.0,0.455854,0.533127,True,job_skill_alignment:0.181818>0.363636;difficulty_match:0.500000>1.000000,Preference moved exactly to the resource difficulty.
C1093,preferred_difficulty,P011,R041,3,0.5,1.0,0.19964,0.24964,True,difficulty_match:0.500000>1.000000,Preference moved exactly to the resource difficulty.
C1094,preferred_difficulty,P011,R042,3,0.5,1.0,0.177822,0.227822,True,difficulty_match:0.500000>1.000000,Preference moved exactly to the resource difficulty.
C1095,preferred_difficulty,P011,R045,3,0.5,1.0,0.345484,0.395484,True,difficulty_match:0.500000>1.000000,Preference moved exactly to the resource difficulty.
C1096,preferred_difficulty,P011,R052,1,0.5,1.0,0.442163,0.492163,True,difficulty_match:0.500000>1.000000,Preference moved exactly to the resource difficulty.
C1097,preferred_difficulty,P011,R054,3,0.5,1.0,0.343525,0.393525,True,difficulty_match:0.500000>1.000000,Preference moved exactly to the resource difficulty.
C1098,preferred_difficulty,P011,R060,3,0.5,1.0,0.375885,0.425885,True,difficulty_match:0.500000>1.000000,Preference moved exactly to the resource difficulty.
C1099,preferred_difficulty,P011,R061,1,0.5,1.0,0.504649,0.554649,True,difficulty_match:0.500000>1.000000,Preference moved exactly to the resource difficulty.
C1100,preferred_difficulty,P011,R064,1,0.5,1.0,0.34209,0.39209,True,difficulty_match:0.500000>1.000000,Preference moved exactly to the resource difficulty.
C1101,preferred_difficulty,P011,R065,1,0.5,1.0,0.245283,0.295283,True,difficulty_match:0.500000>1.000000,Preference moved exactly to the resource difficulty.
C1102,preferred_difficulty,P011,R068,3,0.5,1.0,0.357229,0.407229,True,difficulty_match:0.500000>1.000000,Preference moved exactly to the resource difficulty.
C1103,preferred_difficulty,P011,R069,3,0.5,1.0,0.502865,0.589228,True,job_skill_alignment:0.242424>0.484848;difficulty_match:0.500000>1.000000,Preference moved exactly to the resource difficulty.
C1104,preferred_difficulty,P011,R070,1,0.5,1.0,0.447747,0.518201,True,job_skill_alignment:0.136364>0.272727;difficulty_match:0.500000>1.000000,Preference moved exactly to the resource difficulty.
C1105,preferred_difficulty,P011,R091,1,0.5,1.0,0.537819,0.587819,True,difficulty_match:0.500000>1.000000,Preference moved exactly to the resource difficulty.
C1106,preferred_difficulty,P011,R092,1,0.5,1.0,0.347995,0.397995,True,difficulty_match:0.500000>1.000000,Preference moved exactly to the resource difficulty.
C1107,preferred_difficulty,P011,R094,3,0.5,1.0,0.583801,0.670165,True,job_skill_alignment:0.242424>0.484848;difficulty_match:0.500000>1.000000,Preference moved exactly to the resource difficulty.
C1108,preferred_difficulty,P011,R096,1,0.5,1.0,0.574326,0.64478,True,job_skill_alignment:0.136364>0.272727;difficulty_match:0.500000>1.000000,Preference moved exactly to the resource difficulty.
C1109,weakness_removal,P011,R050,apis,0.272727,0.0,0.566291,0.51873,True,skill_gap_match:0.272727>0.250000;job_skill_alignment:0.272727>0.000000;content_similarity:0.233675>0.214270,The resource's only declared-weak overlap was removed.
C1110,weakness_removal,P011,R051,apis,0.272727,0.0,0.526801,0.477393,True,skill_gap_match:0.151515>0.125000;job_skill_alignment:0.272727>0.000000;content_similarity:0.171934>0.134535,The resource's only declared-weak overlap was removed.
C1111,weakness_removal,P011,R055,apis,0.272727,0.0,0.646573,0.599757,True,skill_gap_match:0.272727>0.250000;job_skill_alignment:0.272727>0.000000;content_similarity:0.275650>0.271149,The resource's only declared-weak overlap was removed.
C1112,weakness_removal,P011,R057,apis,0.272727,0.0,0.64558,0.597917,True,skill_gap_match:0.272727>0.250000;job_skill_alignment:0.272727>0.000000;content_similarity:0.260776>0.239331,The resource's only declared-weak overlap was removed.
C1113,weakness_removal,P011,R071,apis,0.272727,0.0,0.532169,0.483448,True,skill_gap_match:0.151515>0.125000;job_skill_alignment:0.272727>0.000000;content_similarity:0.121290>0.097627,The resource's only declared-weak overlap was removed.
C1114,weakness_removal,P011,R073,apis,0.272727,0.0,0.54539,0.497893,True,skill_gap_match:0.212121>0.187500;job_skill_alignment:0.272727>0.000000;content_similarity:0.130671>0.122031,The resource's only declared-weak overlap was removed.
C1115,weakness_removal,P011,R095,apis,0.272727,0.0,0.650698,0.60324,True,skill_gap_match:0.272727>0.250000;job_skill_alignment:0.272727>0.000000;content_similarity:0.235143>0.217798,The resource's only declared-weak overlap was removed.
C1116,weakness_removal,P011,R038,deployment,0.113636,0.0,0.444733,0.420595,True,skill_gap_match:0.272727>0.250000;job_skill_alignment:0.113636>0.000000;content_similarity:0.247785>0.219559,The resource's only declared-weak overlap was removed.
C1117,weakness_removal,P011,R041,deployment,0.0,0.0,0.19964,0.193276,True,skill_gap_match:0.272727>0.250000;content_similarity:0.128158>0.114517,The resource's only declared-weak overlap was removed.
C1118,weakness_removal,P011,R042,deployment,0.0,0.0,0.177822,0.171049,True,skill_gap_match:0.212121>0.187500;content_similarity:0.096841>0.084470,The resource's only declared-weak overlap was removed.
C1119,weakness_removal,P011,R068,deployment,0.0,0.0,0.357229,0.349098,True,skill_gap_match:0.212121>0.187500;content_similarity:0.208634>0.169124,The resource's only declared-weak overlap was removed.
C1120,weakness_removal,P011,R012,version_control,0.136364,0.0,0.449084,0.419679,True,skill_gap_match:0.090909>0.062500;job_skill_alignment:0.136364>0.000000;content_similarity:0.120710>0.083746,The resource's only declared-weak overlap was removed.
C1121,weakness_removal,P011,R022,version_control,0.136364,0.0,0.558341,0.531323,True,skill_gap_match:0.212121>0.187500;job_skill_alignment:0.136364>0.000000;content_similarity:0.262124>0.253969,The resource's only declared-weak overlap was removed.
C1122,weakness_removal,P011,R053,version_control,0.272727,0.0,0.531959,0.481834,True,skill_gap_match:0.151515>0.125000;job_skill_alignment:0.272727>0.000000;content_similarity:0.186091>0.134348,The resource's only declared-weak overlap was removed.
C1123,weakness_removal,P011,R056,version_control,0.272727,0.0,0.563723,0.516426,True,skill_gap_match:0.272727>0.250000;job_skill_alignment:0.272727>0.000000;content_similarity:0.197300>0.183179,The resource's only declared-weak overlap was removed.
C1124,weakness_removal,P011,R070,version_control,0.136364,0.0,0.447747,0.4182,True,skill_gap_match:0.090909>0.062500;job_skill_alignment:0.136364>0.000000;content_similarity:0.129961>0.090165,The resource's only declared-weak overlap was removed.
C1125,weakness_removal,P011,R096,version_control,0.136364,0.0,0.574326,0.547707,True,skill_gap_match:0.272727>0.250000;job_skill_alignment:0.136364>0.000000;content_similarity:0.197783>0.188146,The resource's only declared-weak overlap was removed.
C1126,irrelevant_completed_topic,P011,,counterfactual_irrelevant_topic,,,,,True,,"Top-ten recommendations, scores, and explanations compared exactly."
