grading_item_id,pathway,profile_name,current_skills,completed_topics,weak_skills,preferred_difficulty,resource_title,provider,topic,skills,resource_difficulty,duration_hours,format,prerequisites,cost,description,relevance_grade,reviewer_confidence,reviewer_notes
G001,software_developer,Intermediate Software Developer,apis:0;databases:1;oop:1;programming:2;testing:0;version_control:1,databases;programming,apis;oop;testing,2,freeCodeCamp Module Object Oriented JavaScript,freeCodeCamp,oop,oop;programming,2,3.0,module,programming,free,Targeted object-oriented programming module for software developer foundations.,3,3,
G002,ml_engineer,Intermediate ML Engineer,apis:0;deployment:0;machine_learning:1;model_evaluation:0;python:2;statistics:1,python;statistics,deployment;machine_learning;model_evaluation,2,Unsupervised Learning in Python,DataCamp,machine_learning,machine_learning;model_evaluation;python,2,4.0,course,python;statistics,paid,Clustering dimensionality reduction and unsupervised pattern discovery in Python.,3,3,
G003,data_engineer,Intermediate Data Engineer,apis:1;data_cleaning:2;databases:2;deployment:0;programming:1;python:2;sql:2;version_control:1,data_cleaning;databases;python;sql,apis;deployment;version_control,2,Back End Development and APIs,freeCodeCamp,apis,apis;databases;programming;testing,2,25.0,career_track,programming,free,Backend curriculum covering APIs microservices databases and quality assurance.,3,3,
G004,data_scientist,Beginner Data Scientist,data_cleaning:1;data_visualisation:1;machine_learning:0;model_evaluation:0;python:1;sql:1;statistics:0,python;sql,machine_learning;model_evaluation;statistics,1,SQL for Data Analysis,Coursera,sql,data_cleaning;sql,1,6.0,course,,paid,Beginner SQL course covering SELECT JOIN aggregation and analytical queries for data roles.,1,3,he already has basic data cleaning and sql
G005,software_developer,Beginner Software Developer,apis:0;databases:0;oop:0;programming:1;testing:0;version_control:0,programming,apis;databases;oop;testing;version_control,1,Object-Oriented Programming in Java,Coursera,oop,oop;programming,2,10.0,course,programming,paid,Programming course covering classes inheritance encapsulation and object-oriented design.,3,3,
G006,data_engineer,Intermediate Data Engineer,apis:1;data_cleaning:2;databases:2;deployment:0;programming:1;python:2;sql:2;version_control:1,data_cleaning;databases;python;sql,apis;deployment;version_control,2,Docker for Machine Learning,YouTube,deployment,apis;deployment;machine_learning,3,4.0,video,machine_learning;python,free,Containerise machine learning applications for reproducible deployment.,2,3,"he does not need machine learning as a data engineer, however this course still has essential api and deployment skills needed"
G007,data_analyst,Beginner Data Analyst,data_cleaning:1;data_visualisation:0;excel:2;python:2;sql:0;statistics:1,excel;python,data_visualisation;sql;statistics,1,Excel Skills for Business,Coursera,excel,dashboards;data_cleaning;excel,1,8.0,course,,paid,Spreadsheet skills for cleaning analysing and summarising business data.,1,3,he already has basic data cleaning and even better excel. the course does not cover his weak skills.
G008,data_analyst,Beginner Data Analyst,data_cleaning:1;data_visualisation:0;excel:2;python:2;sql:0;statistics:1,excel;python,data_visualisation;sql;statistics,1,SQL for Data Analysis,Coursera,sql,data_cleaning;sql,1,6.0,course,,paid,Beginner SQL course covering SELECT JOIN aggregation and analytical queries for data roles.,3,3,
G009,software_developer,Beginner Software Developer,apis:0;databases:0;oop:0;programming:1;testing:0;version_control:0,programming,apis;databases;oop;testing;version_control,1,Python Software Development,DataCamp,programming,oop;programming;python;testing,2,6.0,course,python,paid,Develop maintainable Python programs using functions classes and testing practices.,3,3,
G010,data_analyst,Intermediate Data Analyst,dashboards:0;data_visualisation:1;excel:2;python:0;sql:1;statistics:1,excel;sql,dashboards;data_cleaning;python,1,Data Visualisation with Tableau,edX,data_visualisation,dashboards;data_visualisation,1,5.0,course,,paid,Introductory dashboarding and data visualisation with Tableau.,3,3,
G011,data_scientist,Beginner Data Scientist,data_cleaning:1;data_visualisation:1;machine_learning:0;model_evaluation:0;python:1;sql:1;statistics:0,python;sql,machine_learning;model_evaluation;statistics,1,Introduction to NumPy,DataCamp,python,programming;python,1,4.0,course,python,paid,Numerical Python basics for arrays vectorised operations and analytical computing.,1,3,user already has basic python. course does not cover his weak skills. however this course is somewhat related to statistics because of the use of NumPy.
G012,data_scientist,Beginner Data Scientist,data_cleaning:1;data_visualisation:1;machine_learning:0;model_evaluation:0;python:1;sql:1;statistics:0,python;sql,machine_learning;model_evaluation;statistics,1,StatQuest Cross Validation Clearly Explained,StatQuest,model_evaluation,machine_learning;model_evaluation;statistics,2,1.0,youtube,statistics,free,Optional intuitive explanation of cross-validation and why model evaluation matters.,2,3,"topics are very related, a perfect match, but might be too difficult."
G013,data_engineer,Beginner Data Engineer,apis:0;data_cleaning:1;databases:0;deployment:0;python:1;sql:1;version_control:0,python;sql,apis;data_cleaning;databases;deployment;version_control,1,freeCodeCamp Module Git Basics,freeCodeCamp,version_control,version_control,1,2.0,module,,free,Specific version control module covering commits branches and repository workflow.,3,3,perfect match on all fronts.
G014,data_analyst,Advanced Data Analyst,dashboards:0;data_cleaning:0;data_visualisation:1;python:1;sql:1;statistics:0,python;sql,dashboards;data_cleaning;statistics,2,SQL for Data Analysis,Coursera,sql,data_cleaning;sql,1,6.0,course,,paid,Beginner SQL course covering SELECT JOIN aggregation and analytical queries for data roles.,3,3,
G015,software_developer,Beginner Software Developer,apis:0;databases:0;oop:0;programming:1;testing:0;version_control:0,programming,apis;databases;oop;testing;version_control,1,freeCodeCamp Module Quality Assurance Testing,freeCodeCamp,testing,apis;programming;testing,2,3.0,module,programming,free,Focused testing module for backend quality assurance and API tests.,2,3,"perfect match, but might be too difficult since api and testing will jump from 0 to 2."
G016,data_scientist,Beginner Data Scientist,data_cleaning:1;data_visualisation:1;machine_learning:0;model_evaluation:0;python:1;sql:1;statistics:0,python;sql,machine_learning;model_evaluation;statistics,1,DataCamp Module SQL Filtering and Sorting,DataCamp,sql,sql,1,2.0,module,sql,paid,Short module from a data analyst style path focused on filtering sorting and retrieving SQL data.,1,3,user already has level 1 sql.
G017,ml_engineer,Intermediate ML Engineer,apis:0;deployment:0;machine_learning:1;model_evaluation:0;python:2;statistics:1,python;statistics,deployment;machine_learning;model_evaluation,2,DataCamp Module ML API Deployment,DataCamp,deployment,apis;deployment;machine_learning;python,3,3.0,module,apis;machine_learning;python,paid,Targeted module for deploying a trained machine learning model behind an API.,3,3,
G018,data_scientist,Intermediate Data Scientist,data_cleaning:2;data_visualisation:1;machine_learning:1;model_evaluation:0;python:2;sql:2;statistics:2,data_cleaning;python;sql;statistics,machine_learning;model_evaluation,2,Machine Learning Pipelines,Coursera,machine_learning,deployment;machine_learning;model_evaluation;python,3,9.0,course,machine_learning;python,paid,Pipeline design for preprocessing training evaluation and deployment readiness.,3,3,
G019,data_scientist,Beginner Data Scientist,data_cleaning:1;data_visualisation:1;machine_learning:0;model_evaluation:0;python:1;sql:1;statistics:0,python;sql,machine_learning;model_evaluation;statistics,1,Exploratory Data Analysis in Python,Kaggle Learn,data_analysis,data_cleaning;data_visualisation;python;statistics,2,4.0,tutorial,python,free,Exploratory analysis workflow using Python summaries visualisations and data cleaning.,3,3,
G020,data_engineer,Intermediate Data Engineer,apis:1;data_cleaning:2;databases:2;deployment:0;programming:1;python:2;sql:2;version_control:1,data_cleaning;databases;python;sql,apis;deployment;version_control,2,Deploying Machine Learning APIs,Udemy,deployment,apis;deployment;machine_learning;python,3,8.0,course,apis;machine_learning;python,paid,Build and deploy machine learning prediction services with REST APIs.,1,3,machine learning skill is not required for data engineer. user might find it too hard to follow because of this. other reasons include api and deployment is too big a jump.
G021,ml_engineer,Intermediate ML Engineer,apis:0;deployment:0;machine_learning:1;model_evaluation:0;python:2;statistics:1,python;statistics,deployment;machine_learning;model_evaluation,2,DataCamp Module Intro to MLOps,DataCamp,deployment,deployment;machine_learning;model_evaluation,3,3.0,module,machine_learning,paid,Short module introducing MLOps model lifecycle tracking and deployment considerations.,1,3,too difficult. perfect match in skills but too big a jump in skill level. user might not learn anything and just be confused instead.
G022,data_analyst,Advanced Data Analyst,dashboards:0;data_cleaning:0;data_visualisation:1;python:1;sql:1;statistics:0,python;sql,dashboards;data_cleaning;statistics,2,DataCamp Module SQL Filtering and Sorting,DataCamp,sql,sql,1,2.0,module,sql,paid,Short module from a data analyst style path focused on filtering sorting and retrieving SQL data.,1,3,user already has basic sql
G023,data_scientist,Intermediate Data Scientist,data_cleaning:2;data_visualisation:1;machine_learning:1;model_evaluation:0;python:2;sql:2;statistics:2,data_cleaning;python;sql;statistics,machine_learning;model_evaluation,2,DataCamp Module Supervised Learning Basics,DataCamp,machine_learning,machine_learning;model_evaluation;python,2,3.0,module,python;statistics,paid,Targeted module for supervised learning workflow and basic model evaluation.,3,3,"perfect match in skills, most of the difficulty, and prerequisites."
G024,data_analyst,Advanced Data Analyst,dashboards:0;data_cleaning:0;data_visualisation:1;python:1;sql:1;statistics:0,python;sql,dashboards;data_cleaning;statistics,2,Python Data Science Handbook,University Open Course,python,data_visualisation;machine_learning;python;statistics,2,14.0,course,python,free,Broad Python data science material covering analysis visualisation and modelling.,1,3,"machine learning is not needed for data analyst. together with a big jump in statistics, this becomes irrelevant. even though some skills are related."
G025,software_developer,Intermediate Software Developer,apis:0;databases:1;oop:1;programming:2;testing:0;version_control:1,databases;programming,apis;oop;testing,2,Django Web Framework,Coursera,apis,apis;databases;programming;python,2,8.0,course,python,paid,Web development course building server-side applications with Django and databases.,2,3,user does not have python prerequisites
G026,software_developer,Intermediate Software Developer,apis:0;databases:1;oop:1;programming:2;testing:0;version_control:1,databases;programming,apis;oop;testing,2,freeCodeCamp Module Git Basics,freeCodeCamp,version_control,version_control,1,2.0,module,,free,Specific version control module covering commits branches and repository workflow.,1,3,user already has basic version control
G027,data_engineer,Beginner Data Engineer,apis:0;data_cleaning:1;databases:0;deployment:0;python:1;sql:1;version_control:0,python;sql,apis;data_cleaning;databases;deployment;version_control,1,What is SQL and How Is It Used,IBM SkillsBuild,sql,databases;sql,1,1.0,article,,free,Optional reading that explains what SQL is and why it matters for data and software roles.,1,3,user already has basic sql
G028,data_analyst,Beginner Data Analyst,data_cleaning:1;data_visualisation:0;excel:2;python:2;sql:0;statistics:1,excel;python,data_visualisation;sql;statistics,1,DataCamp Module Data Analyst Case Study,DataCamp,data_analysis,data_cleaning;data_visualisation;python;sql,2,4.0,module,python;sql,paid,Short case-study module applying SQL Python cleaning and visualisation to an analyst task.,3,3,
G029,data_analyst,Advanced Data Analyst,dashboards:0;data_cleaning:0;data_visualisation:1;python:1;sql:1;statistics:0,python;sql,dashboards;data_cleaning;statistics,2,Google Data Analytics Foundations,Coursera,data_analytics,data_cleaning;data_visualisation;excel;sql,1,10.0,course,,paid,Foundation course for data analysis process spreadsheets SQL and visual communication.,3,3,
G030,ml_engineer,Advanced ML Engineer,apis:1;deployment:0;machine_learning:2;model_evaluation:1;python:2;version_control:1,apis;machine_learning;python,deployment;model_evaluation,3,Deep Learning with PyTorch,edX,machine_learning,machine_learning;python,3,14.0,course,machine_learning;python,paid,Neural network implementation and deep learning workflows using PyTorch.,3,3,perfect match to improve level 2 skills to level 3.
G031,data_analyst,Intermediate Data Analyst,dashboards:0;data_visualisation:1;excel:2;python:0;sql:1;statistics:1,excel;sql,dashboards;data_cleaning;python,1,Data Storytelling with Visuals,Coursera,data_visualisation,dashboards;data_visualisation,1,4.0,course,,paid,Communicating insights using charts dashboards and structured data narratives.,3,3,
G032,data_scientist,Beginner Data Scientist,data_cleaning:1;data_visualisation:1;machine_learning:0;model_evaluation:0;python:1;sql:1;statistics:0,python;sql,machine_learning;model_evaluation;statistics,1,Intermediate SQL Queries,DataCamp,sql,data_cleaning;databases;sql,2,5.0,course,sql,paid,Practice-focused SQL resource for joins subqueries window functions and database querying.,3,3,
G033,data_engineer,Intermediate Data Engineer,apis:1;data_cleaning:2;databases:2;deployment:0;programming:1;python:2;sql:2;version_control:1,data_cleaning;databases;python;sql,apis;deployment;version_control,2,Meta Back End Developer Foundations,Coursera,programming,apis;databases;programming;version_control,2,20.0,course,programming,paid,Backend developer pathway topics including version control APIs databases and server development.,3,3,
G034,data_engineer,Beginner Data Engineer,apis:0;data_cleaning:1;databases:0;deployment:0;python:1;sql:1;version_control:0,python;sql,apis;data_cleaning;databases;deployment;version_control,1,Relational Databases for Beginners,freeCodeCamp,databases,databases;sql,1,8.0,tutorial,,free,Build database knowledge through relational modelling SQL tables and queries.,3,3,
G035,data_scientist,Intermediate Data Scientist,data_cleaning:2;data_visualisation:1;machine_learning:1;model_evaluation:0;python:2;sql:2;statistics:2,data_cleaning;python;sql;statistics,machine_learning;model_evaluation,2,Feature Selection and Validation,Kaggle Learn,model_evaluation,machine_learning;model_evaluation;python;statistics,2,3.0,tutorial,python;statistics,free,Improve ML models through validation feature selection and performance comparison.,3,3,
G036,software_developer,Intermediate Software Developer,apis:0;databases:1;oop:1;programming:2;testing:0;version_control:1,databases;programming,apis;oop;testing,2,Unit Testing in Python,University Open Course,testing,programming;python;testing,1,4.0,course,python,free,Write unit tests assertions and testable Python code for software quality.,3,3,
G037,data_analyst,Beginner Data Analyst,data_cleaning:1;data_visualisation:0;excel:2;python:2;sql:0;statistics:1,excel;python,data_visualisation;sql;statistics,1,Exploratory Data Analysis in Python,Kaggle Learn,data_analysis,data_cleaning;data_visualisation;python;statistics,2,4.0,tutorial,python,free,Exploratory analysis workflow using Python summaries visualisations and data cleaning.,3,3,
G038,software_developer,Intermediate Software Developer,apis:0;databases:1;oop:1;programming:2;testing:0;version_control:1,databases;programming,apis;oop;testing,2,Git Branching and Collaboration,Atlassian,version_control,testing;version_control,2,3.0,tutorial,version_control,free,Team workflow with branches pull requests code review and release coordination.,3,3,
G039,data_engineer,Beginner Data Engineer,apis:0;data_cleaning:1;databases:0;deployment:0;python:1;sql:1;version_control:0,python;sql,apis;data_cleaning;databases;deployment;version_control,1,DataCamp Module SQL Joins for Analysis,DataCamp,sql,databases;sql,2,2.0,module,sql,paid,Targeted SQL module covering joins used in analytical workflows.,2,3,"database might be too hard, but skills match well"
G040,data_analyst,Beginner Data Analyst,data_cleaning:1;data_visualisation:0;excel:2;python:2;sql:0;statistics:1,excel;python,data_visualisation;sql;statistics,1,Data Storytelling with Visuals,Coursera,data_visualisation,dashboards;data_visualisation,1,4.0,course,,paid,Communicating insights using charts dashboards and structured data narratives.,3,3,
G041,software_developer,Intermediate Software Developer,apis:0;databases:1;oop:1;programming:2;testing:0;version_control:1,databases;programming,apis;oop;testing,2,Back End Development and APIs,freeCodeCamp,apis,apis;databases;programming;testing,2,25.0,career_track,programming,free,Backend curriculum covering APIs microservices databases and quality assurance.,3,3,
G042,data_analyst,Intermediate Data Analyst,dashboards:0;data_visualisation:1;excel:2;python:0;sql:1;statistics:1,excel;sql,dashboards;data_cleaning;python,1,Data Cleaning in SQL and Python,University Open Course,data_cleaning,data_cleaning;python;sql,2,6.0,course,python;sql,free,Cleaning tabular data with SQL transformations and Python preprocessing scripts.,2,2,"might be too difficult for user, although skills is a match"
G043,data_engineer,Beginner Data Engineer,apis:0;data_cleaning:1;databases:0;deployment:0;python:1;sql:1;version_control:0,python;sql,apis;data_cleaning;databases;deployment;version_control,1,Docker Explained Visually,Fireship,deployment,apis;deployment,2,0.5,youtube,,free,Optional short explanation of containers and why deployment uses Docker.,1,3,"too hard, although skills is a match"
G044,ml_engineer,Intermediate ML Engineer,apis:0;deployment:0;machine_learning:1;model_evaluation:0;python:2;statistics:1,python;statistics,deployment;machine_learning;model_evaluation,2,Applied Machine Learning in Python,Coursera,machine_learning,machine_learning;model_evaluation;python,2,12.0,course,python;statistics,paid,Supervised learning workflows with model training validation and evaluation in Python.,3,3,
G045,data_engineer,Intermediate Data Engineer,apis:1;data_cleaning:2;databases:2;deployment:0;programming:1;python:2;sql:2;version_control:1,data_cleaning;databases;python;sql,apis;deployment;version_control,2,Mini Project Build a Tested REST API,freeCodeCamp,project,apis;databases;programming;testing,2,4.0,project,apis;programming,free,Software developer project building a REST API with persistence and basic tests.,3,3,
G046,data_analyst,Advanced Data Analyst,dashboards:0;data_cleaning:0;data_visualisation:1;python:1;sql:1;statistics:0,python;sql,dashboards;data_cleaning;statistics,2,Excel Skills for Business,Coursera,excel,dashboards;data_cleaning;excel,1,8.0,course,,paid,Spreadsheet skills for cleaning analysing and summarising business data.,3,3,
G047,data_analyst,Beginner Data Analyst,data_cleaning:1;data_visualisation:0;excel:2;python:2;sql:0;statistics:1,excel;python,data_visualisation;sql;statistics,1,Intro to Data Cleaning with OpenRefine,University Open Course,data_cleaning,data_cleaning,1,3.0,course,,free,Short open course on cleaning messy datasets and preparing data for analysis.,1,3,user already has basic data cleaning
G048,data_engineer,Intermediate Data Engineer,apis:1;data_cleaning:2;databases:2;deployment:0;programming:1;python:2;sql:2;version_control:1,data_cleaning;databases;python;sql,apis;deployment;version_control,2,Introduction to Cloud Deployment,Coursera,deployment,apis;deployment;version_control,2,7.0,course,programming,paid,Deploy simple applications using cloud workflows version control and service configuration.,3,3,
G049,data_engineer,Beginner Data Engineer,apis:0;data_cleaning:1;databases:0;deployment:0;python:1;sql:1;version_control:0,python;sql,apis;data_cleaning;databases;deployment;version_control,1,Git and GitHub Crash Course,freeCodeCamp,version_control,version_control,1,2.0,video,,free,Practical version control workflow using Git commits branches and GitHub.,3,3,
G050,data_engineer,Beginner Data Engineer,apis:0;data_cleaning:1;databases:0;deployment:0;python:1;sql:1;version_control:0,python;sql,apis;data_cleaning;databases;deployment;version_control,1,freeCodeCamp Module API Routes,freeCodeCamp,apis,apis;programming,2,3.0,module,programming,free,Focused backend module for creating API routes and request handlers.,3,3,
G051,software_developer,Intermediate Software Developer,apis:0;databases:1;oop:1;programming:2;testing:0;version_control:1,databases;programming,apis;oop;testing,2,Software Engineering Principles,edX,programming,oop;programming;testing;version_control,2,10.0,course,programming,paid,Software engineering practices for design maintainability testing and collaboration.,3,3,
G052,data_analyst,Advanced Data Analyst,dashboards:0;data_cleaning:0;data_visualisation:1;python:1;sql:1;statistics:0,python;sql,dashboards;data_cleaning;statistics,2,Pandas Data Cleaning Tutorial,YouTube,data_cleaning,data_cleaning;data_visualisation;python,2,3.0,video,python,free,Hands-on walkthrough for cleaning tabular data with pandas and simple plots.,3,3,
G053,data_scientist,Beginner Data Scientist,data_cleaning:1;data_visualisation:1;machine_learning:0;model_evaluation:0;python:1;sql:1;statistics:0,python;sql,machine_learning;model_evaluation;statistics,1,Python Data Science Handbook,University Open Course,python,data_visualisation;machine_learning;python;statistics,2,14.0,course,python,free,Broad Python data science material covering analysis visualisation and modelling.,3,2,"might be too hard, but skills is a match"
G054,data_analyst,Intermediate Data Analyst,dashboards:0;data_visualisation:1;excel:2;python:0;sql:1;statistics:1,excel;sql,dashboards;data_cleaning;python,1,DataCamp Module Cleaning Data with pandas,DataCamp,data_cleaning,data_cleaning;python,2,3.0,module,python,paid,Focused module for cleaning missing values duplicates and inconsistent tabular data with pandas.,1,3,too hard
G055,data_analyst,Beginner Data Analyst,data_cleaning:1;data_visualisation:0;excel:2;python:2;sql:0;statistics:1,excel;python,data_visualisation;sql;statistics,1,Pandas Data Cleaning Tutorial,YouTube,data_cleaning,data_cleaning;data_visualisation;python,2,3.0,video,python,free,Hands-on walkthrough for cleaning tabular data with pandas and simple plots.,3,3,
G056,data_scientist,Intermediate Data Scientist,data_cleaning:2;data_visualisation:1;machine_learning:1;model_evaluation:0;python:2;sql:2;statistics:2,data_cleaning;python;sql;statistics,machine_learning;model_evaluation,2,Deploying Machine Learning APIs,Udemy,deployment,apis;deployment;machine_learning;python,3,8.0,course,apis;machine_learning;python,paid,Build and deploy machine learning prediction services with REST APIs.,2,3,"some skills match, at least user has python prerequisites, but api skill level is  unknown to make judgement. machine learning prerequisites is too low. overall, this course could be useful."
G057,ml_engineer,Intermediate ML Engineer,apis:0;deployment:0;machine_learning:1;model_evaluation:0;python:2;statistics:1,python;statistics,deployment;machine_learning;model_evaluation,2,Feature Selection and Validation,Kaggle Learn,model_evaluation,machine_learning;model_evaluation;python;statistics,2,3.0,tutorial,python;statistics,free,Improve ML models through validation feature selection and performance comparison.,3,3,
G058,data_analyst,Beginner Data Analyst,data_cleaning:1;data_visualisation:0;excel:2;python:2;sql:0;statistics:1,excel;python,data_visualisation;sql;statistics,1,Dashboard Design Principles,University Open Course,dashboards,dashboards;data_visualisation,1,2.0,course,,free,Design principles for readable dashboards charts and analytical communication.,3,3,
G059,data_scientist,Intermediate Data Scientist,data_cleaning:2;data_visualisation:1;machine_learning:1;model_evaluation:0;python:2;sql:2;statistics:2,data_cleaning;python;sql;statistics,machine_learning;model_evaluation,2,What is MLOps,Google Cloud,deployment,deployment;machine_learning;model_evaluation,2,1.0,article,machine_learning,free,Optional reading that explains the ML lifecycle and operational machine learning.,3,3,
G060,data_analyst,Beginner Data Analyst,data_cleaning:1;data_visualisation:0;excel:2;python:2;sql:0;statistics:1,excel;python,data_visualisation;sql;statistics,1,Mini Project Build an Interactive Dashboard,DataCamp,project,dashboards;data_cleaning;data_visualisation,1,3.0,project,data_visualisation,paid,Small dashboard project for turning cleaned data into a simple business report.,3,3,
G061,data_engineer,Intermediate Data Engineer,apis:1;data_cleaning:2;databases:2;deployment:0;programming:1;python:2;sql:2;version_control:1,data_cleaning;databases;python;sql,apis;deployment;version_control,2,Database Clients and ORM Basics,Coursera,databases,apis;databases;programming;sql,2,6.0,course,programming;sql,paid,Access relational databases from applications using clients ORM concepts and queries.,2,3,user already has level 2 database and sql
G062,ml_engineer,Advanced ML Engineer,apis:1;deployment:0;machine_learning:2;model_evaluation:1;python:2;version_control:1,apis;machine_learning;python,deployment;model_evaluation,3,Flask for Model Serving,Coursera,deployment,apis;deployment;machine_learning;python,2,6.0,course,python,paid,Build Python web services for model serving and simple API integration.,3,3,
G063,data_engineer,Beginner Data Engineer,apis:0;data_cleaning:1;databases:0;deployment:0;python:1;sql:1;version_control:0,python;sql,apis;data_cleaning;databases;deployment;version_control,1,SQL Joins and Aggregations,DataCamp,sql,databases;sql,1,3.0,course,sql,paid,Focused practice on SQL joins grouping filtering and aggregation.,3,3,
G064,data_analyst,Advanced Data Analyst,dashboards:0;data_cleaning:0;data_visualisation:1;python:1;sql:1;statistics:0,python;sql,dashboards;data_cleaning;statistics,2,Data Cleaning in SQL and Python,University Open Course,data_cleaning,data_cleaning;python;sql,2,6.0,course,python;sql,free,Cleaning tabular data with SQL transformations and Python preprocessing scripts.,3,3,
G065,data_scientist,Beginner Data Scientist,data_cleaning:1;data_visualisation:1;machine_learning:0;model_evaluation:0;python:1;sql:1;statistics:0,python;sql,machine_learning;model_evaluation;statistics,1,Data Cleaning in SQL and Python,University Open Course,data_cleaning,data_cleaning;python;sql,2,6.0,course,python;sql,free,Cleaning tabular data with SQL transformations and Python preprocessing scripts.,3,3,
G066,data_scientist,Intermediate Data Scientist,data_cleaning:2;data_visualisation:1;machine_learning:1;model_evaluation:0;python:2;sql:2;statistics:2,data_cleaning;python;sql;statistics,machine_learning;model_evaluation,2,MLOps Fundamentals,DataCamp,deployment,deployment;machine_learning;model_evaluation;python;version_control,3,7.0,course,machine_learning;python,paid,Operational machine learning concepts including model lifecycle tracking and monitoring.,3,3,
G067,data_scientist,Intermediate Data Scientist,data_cleaning:2;data_visualisation:1;machine_learning:1;model_evaluation:0;python:2;sql:2;statistics:2,data_cleaning;python;sql;statistics,machine_learning;model_evaluation,2,StatQuest Cross Validation Clearly Explained,StatQuest,model_evaluation,machine_learning;model_evaluation;statistics,2,1.0,youtube,statistics,free,Optional intuitive explanation of cross-validation and why model evaluation matters.,3,3,
G068,data_engineer,Beginner Data Engineer,apis:0;data_cleaning:1;databases:0;deployment:0;python:1;sql:1;version_control:0,python;sql,apis;data_cleaning;databases;deployment;version_control,1,Django Web Framework,Coursera,apis,apis;databases;programming;python,2,8.0,course,python,paid,Web development course building server-side applications with Django and databases.,2,3,"might be too hard, although skills match fine."
G069,data_analyst,Intermediate Data Analyst,dashboards:0;data_visualisation:1;excel:2;python:0;sql:1;statistics:1,excel;sql,dashboards;data_cleaning;python,1,Exploratory Data Analysis in Python,Kaggle Learn,data_analysis,data_cleaning;data_visualisation;python;statistics,2,4.0,tutorial,python,free,Exploratory analysis workflow using Python summaries visualisations and data cleaning.,1,2,"might be too hard, no prerequisites"
G070,data_analyst,Intermediate Data Analyst,dashboards:0;data_visualisation:1;excel:2;python:0;sql:1;statistics:1,excel;sql,dashboards;data_cleaning;python,1,Excel Skills for Business,Coursera,excel,dashboards;data_cleaning;excel,1,8.0,course,,paid,Spreadsheet skills for cleaning analysing and summarising business data.,3,3,
G071,data_analyst,Intermediate Data Analyst,dashboards:0;data_visualisation:1;excel:2;python:0;sql:1;statistics:1,excel;sql,dashboards;data_cleaning;python,1,Mini Project Build an Interactive Dashboard,DataCamp,project,dashboards;data_cleaning;data_visualisation,1,3.0,project,data_visualisation,paid,Small dashboard project for turning cleaned data into a simple business report.,3,3,
G072,data_analyst,Advanced Data Analyst,dashboards:0;data_cleaning:0;data_visualisation:1;python:1;sql:1;statistics:0,python;sql,dashboards;data_cleaning;statistics,2,DataCamp Module SQL Joins for Analysis,DataCamp,sql,databases;sql,2,2.0,module,sql,paid,Targeted SQL module covering joins used in analytical workflows.,2,2,"might be too hard. user's database skillset is unknown, which makes it hard to make a judgement. otherwise, skill is generally a match"
G073,data_analyst,Intermediate Data Analyst,dashboards:0;data_visualisation:1;excel:2;python:0;sql:1;statistics:1,excel;sql,dashboards;data_cleaning;python,1,SQL Joins and Aggregations,DataCamp,sql,databases;sql,1,3.0,course,sql,paid,Focused practice on SQL joins grouping filtering and aggregation.,3,2,user meets the prerequisites. they should be able to learn databases from this. database can be useful for data analysts.
G074,data_engineer,Intermediate Data Engineer,apis:1;data_cleaning:2;databases:2;deployment:0;programming:1;python:2;sql:2;version_control:1,data_cleaning;databases;python;sql,apis;deployment;version_control,2,DataCamp Module Cleaning Data with pandas,DataCamp,data_cleaning,data_cleaning;python,2,3.0,module,python,paid,Focused module for cleaning missing values duplicates and inconsistent tabular data with pandas.,1,3,user already has level 2 data cleaning and python
G075,ml_engineer,Intermediate ML Engineer,apis:0;deployment:0;machine_learning:1;model_evaluation:0;python:2;statistics:1,python;statistics,deployment;machine_learning;model_evaluation,2,DataCamp Module Model Validation,DataCamp,model_evaluation,machine_learning;model_evaluation;statistics,2,2.0,module,machine_learning,paid,Focused validation module covering train test splits cross-validation and evaluation metrics.,3,3,
G076,software_developer,Beginner Software Developer,apis:0;databases:0;oop:0;programming:1;testing:0;version_control:0,programming,apis;databases;oop;testing;version_control,1,freeCodeCamp Module Database Projects,freeCodeCamp,databases,databases;programming;sql,2,4.0,module,programming;sql,free,Specific module applying relational databases in backend projects.,2,3,"might be too hard for user, especially database concepts. it is unknown whether user has sql prerequisites, i assume not, so it might be too hard. otherwise, skills match fine."
G077,data_analyst,Beginner Data Analyst,data_cleaning:1;data_visualisation:0;excel:2;python:2;sql:0;statistics:1,excel;python,data_visualisation;sql;statistics,1,DataCamp Module Tableau Dashboard Layouts,DataCamp,dashboards,dashboards;data_visualisation,1,2.0,module,,paid,Targeted dashboard module for creating readable Tableau dashboard layouts.,3,3,
G078,ml_engineer,Intermediate ML Engineer,apis:0;deployment:0;machine_learning:1;model_evaluation:0;python:2;statistics:1,python;statistics,deployment;machine_learning;model_evaluation,2,MLflow Experiment Tracking,DataCamp,model_evaluation,deployment;machine_learning;model_evaluation;python,3,5.0,course,machine_learning,paid,Track experiments parameters metrics and model artifacts for ML workflows.,3,3,
G079,data_analyst,Beginner Data Analyst,data_cleaning:1;data_visualisation:0;excel:2;python:2;sql:0;statistics:1,excel;python,data_visualisation;sql;statistics,1,DataCamp Module Statistical Thinking,DataCamp,statistics,statistics,1,3.0,module,,paid,Short statistics module covering distributions uncertainty and analytical reasoning.,1,2,"user already has basic statistics, but skills can be reinforced."
G080,data_engineer,Beginner Data Engineer,apis:0;data_cleaning:1;databases:0;deployment:0;python:1;sql:1;version_control:0,python;sql,apis;data_cleaning;databases;deployment;version_control,1,Introduction to Cloud Deployment,Coursera,deployment,apis;deployment;version_control,2,7.0,course,programming,paid,Deploy simple applications using cloud workflows version control and service configuration.,1,3,"skills match, but too difficult for user."
G081,data_engineer,Intermediate Data Engineer,apis:1;data_cleaning:2;databases:2;deployment:0;programming:1;python:2;sql:2;version_control:1,data_cleaning;databases;python;sql,apis;deployment;version_control,2,Machine Learning Pipelines,Coursera,machine_learning,deployment;machine_learning;model_evaluation;python,3,9.0,course,machine_learning;python,paid,Pipeline design for preprocessing training evaluation and deployment readiness.,1,3,skills not really relevant
G082,software_developer,Intermediate Software Developer,apis:0;databases:1;oop:1;programming:2;testing:0;version_control:1,databases;programming,apis;oop;testing,2,API Testing with Postman,Udemy,testing,apis;testing,2,4.0,course,apis,paid,Test REST APIs with request collections validation and debugging workflows.,3,3,
G083,data_engineer,Beginner Data Engineer,apis:0;data_cleaning:1;databases:0;deployment:0;python:1;sql:1;version_control:0,python;sql,apis;data_cleaning;databases;deployment;version_control,1,DataCamp Module SQL Filtering and Sorting,DataCamp,sql,sql,1,2.0,module,sql,paid,Short module from a data analyst style path focused on filtering sorting and retrieving SQL data.,2,2,"user already has basic sql, but it can be reinforced."
G084,data_scientist,Intermediate Data Scientist,data_cleaning:2;data_visualisation:1;machine_learning:1;model_evaluation:0;python:2;sql:2;statistics:2,data_cleaning;python;sql;statistics,machine_learning;model_evaluation,2,Exploratory Data Analysis in Python,Kaggle Learn,data_analysis,data_cleaning;data_visualisation;python;statistics,2,4.0,tutorial,python,free,Exploratory analysis workflow using Python summaries visualisations and data cleaning.,1,2,user already have most skills met from this course. its too basic for him.
G085,data_analyst,Intermediate Data Analyst,dashboards:0;data_visualisation:1;excel:2;python:0;sql:1;statistics:1,excel;sql,dashboards;data_cleaning;python,1,Power BI Dashboard Basics,DataCamp,dashboards,dashboards;data_cleaning;data_visualisation,1,5.0,course,,paid,Beginner dashboarding resource using Power BI for business reporting.,3,3, 
G086,ml_engineer,Intermediate ML Engineer,apis:0;deployment:0;machine_learning:1;model_evaluation:0;python:2;statistics:1,python;statistics,deployment;machine_learning;model_evaluation,2,Deep Learning Fundamentals,edX,machine_learning,machine_learning;python,3,15.0,course,machine_learning;python,paid,Advanced introduction to neural networks and deep learning concepts.,3,3,
G087,data_analyst,Beginner Data Analyst,data_cleaning:1;data_visualisation:0;excel:2;python:2;sql:0;statistics:1,excel;python,data_visualisation;sql;statistics,1,Google Data Analytics Foundations,Coursera,data_analytics,data_cleaning;data_visualisation;excel;sql,1,10.0,course,,paid,Foundation course for data analysis process spreadsheets SQL and visual communication.,3,3,
G088,data_engineer,Intermediate Data Engineer,apis:1;data_cleaning:2;databases:2;deployment:0;programming:1;python:2;sql:2;version_control:1,data_cleaning;databases;python;sql,apis;deployment;version_control,2,Intermediate SQL Queries,DataCamp,sql,data_cleaning;databases;sql,2,5.0,course,sql,paid,Practice-focused SQL resource for joins subqueries window functions and database querying.,1,3,"user already has level 2 data cleaning, databases, and sql"
G089,software_developer,Intermediate Software Developer,apis:0;databases:1;oop:1;programming:2;testing:0;version_control:1,databases;programming,apis;oop;testing,2,freeCodeCamp Module Database Projects,freeCodeCamp,databases,databases;programming;sql,2,4.0,module,programming;sql,free,Specific module applying relational databases in backend projects.,2,3,"user does not really need sql urgently, but could be good knowledge for a software developer"
G090,data_analyst,Beginner Data Analyst,data_cleaning:1;data_visualisation:0;excel:2;python:2;sql:0;statistics:1,excel;python,data_visualisation;sql;statistics,1,Intermediate SQL Queries,DataCamp,sql,data_cleaning;databases;sql,2,5.0,course,sql,paid,Practice-focused SQL resource for joins subqueries window functions and database querying.,1,3,"skills are a good match, but user is lacking prerequisites and might find it too difficult."
G091,software_developer,Intermediate Software Developer,apis:0;databases:1;oop:1;programming:2;testing:0;version_control:1,databases;programming,apis;oop;testing,2,Meta Back End Developer Foundations,Coursera,programming,apis;databases;programming;version_control,2,20.0,course,programming,paid,Backend developer pathway topics including version control APIs databases and server development.,3,3,
G092,software_developer,Beginner Software Developer,apis:0;databases:0;oop:0;programming:1;testing:0;version_control:0,programming,apis;databases;oop;testing;version_control,1,Build a REST API Project,YouTube,apis,apis;databases;programming;testing,2,5.0,project,programming,free,Project-based backend API with routes validation persistence and tests.,2,3,"good match for skills, and good prerequisites, but difficulty might be too high since user requested level 1 difficulty. could be useful for future part of the course when his current kills improves."
G093,data_scientist,Intermediate Data Scientist,data_cleaning:2;data_visualisation:1;machine_learning:1;model_evaluation:0;python:2;sql:2;statistics:2,data_cleaning;python;sql;statistics,machine_learning;model_evaluation,2,Model Monitoring and Drift,University Open Course,model_evaluation,deployment;machine_learning;model_evaluation,3,5.0,course,machine_learning,free,Monitor deployed models and detect performance changes and data drift.,2,3,"good skills and prerequisites match, but might be too hard for user now."
G094,ml_engineer,Intermediate ML Engineer,apis:0;deployment:0;machine_learning:1;model_evaluation:0;python:2;statistics:1,python;statistics,deployment;machine_learning;model_evaluation,2,Flask for Model Serving,Coursera,deployment,apis;deployment;machine_learning;python,2,6.0,course,python,paid,Build Python web services for model serving and simple API integration.,3,3,might be hard but user requested level 2 difficulty so its perfect.
G095,software_developer,Intermediate Software Developer,apis:0;databases:1;oop:1;programming:2;testing:0;version_control:1,databases;programming,apis;oop;testing,2,Python Project Build a CLI App,YouTube,programming,programming;python;version_control,1,3.0,project,python,free,Beginner project applying Python programming and Git workflow to build a command-line tool.,2,3,"unknown if user has python prerequisites. course is too easy for user. he already has programming level 2, and version control level 1."
G096,data_scientist,Intermediate Data Scientist,data_cleaning:2;data_visualisation:1;machine_learning:1;model_evaluation:0;python:2;sql:2;statistics:2,data_cleaning;python;sql;statistics,machine_learning;model_evaluation,2,StatQuest Precision Recall and ROC Curves,StatQuest,model_evaluation,machine_learning;model_evaluation;statistics,2,1.0,youtube,statistics,free,Optional explainer for classification metrics and model comparison concepts.,3,3,
G097,ml_engineer,Advanced ML Engineer,apis:1;deployment:0;machine_learning:2;model_evaluation:1;python:2;version_control:1,apis;machine_learning;python,deployment;model_evaluation,3,Applied Recommender Systems,Coursera,recommender_systems,machine_learning;model_evaluation;python,3,8.0,course,machine_learning;python,paid,Implement and evaluate similarity-based and model-based recommender systems.,3,3,
G098,data_analyst,Advanced Data Analyst,dashboards:0;data_cleaning:0;data_visualisation:1;python:1;sql:1;statistics:0,python;sql,dashboards;data_cleaning;statistics,2,Data Storytelling with Visuals,Coursera,data_visualisation,dashboards;data_visualisation,1,4.0,course,,paid,Communicating insights using charts dashboards and structured data narratives.,3,2,"too easy for user, but excellent skills match"
G099,data_scientist,Beginner Data Scientist,data_cleaning:1;data_visualisation:1;machine_learning:0;model_evaluation:0;python:1;sql:1;statistics:0,python;sql,machine_learning;model_evaluation;statistics,1,Feature Selection and Validation,Kaggle Learn,model_evaluation,machine_learning;model_evaluation;python;statistics,2,3.0,tutorial,python;statistics,free,Improve ML models through validation feature selection and performance comparison.,3,2,might be too hard for user
G100,data_engineer,Intermediate Data Engineer,apis:1;data_cleaning:2;databases:2;deployment:0;programming:1;python:2;sql:2;version_control:1,data_cleaning;databases;python;sql,apis;deployment;version_control,2,Build a REST API Project,YouTube,apis,apis;databases;programming;testing,2,5.0,project,programming,free,Project-based backend API with routes validation persistence and tests.,3,3,
G101,data_engineer,Intermediate Data Engineer,apis:1;data_cleaning:2;databases:2;deployment:0;programming:1;python:2;sql:2;version_control:1,data_cleaning;databases;python;sql,apis;deployment;version_control,2,DataCamp Module SQL Joins for Analysis,DataCamp,sql,databases;sql,2,2.0,module,sql,paid,Targeted SQL module covering joins used in analytical workflows.,1,3,user already has level 2 databases and sql
G102,ml_engineer,Intermediate ML Engineer,apis:0;deployment:0;machine_learning:1;model_evaluation:0;python:2;statistics:1,python;statistics,deployment;machine_learning;model_evaluation,2,Deep Learning with PyTorch,edX,machine_learning,machine_learning;python,3,14.0,course,machine_learning;python,paid,Neural network implementation and deep learning workflows using PyTorch.,3,3,
G103,data_analyst,Intermediate Data Analyst,dashboards:0;data_visualisation:1;excel:2;python:0;sql:1;statistics:1,excel;sql,dashboards;data_cleaning;python,1,SQL for Data Analysis,Coursera,sql,data_cleaning;sql,1,6.0,course,,paid,Beginner SQL course covering SELECT JOIN aggregation and analytical queries for data roles.,3,3,
G104,data_engineer,Intermediate Data Engineer,apis:1;data_cleaning:2;databases:2;deployment:0;programming:1;python:2;sql:2;version_control:1,data_cleaning;databases;python;sql,apis;deployment;version_control,2,freeCodeCamp Module Git Basics,freeCodeCamp,version_control,version_control,1,2.0,module,,free,Specific version control module covering commits branches and repository workflow.,1,3,user already have level 1 version control
G105,data_analyst,Intermediate Data Analyst,dashboards:0;data_visualisation:1;excel:2;python:0;sql:1;statistics:1,excel;sql,dashboards;data_cleaning;python,1,DataCamp Module SQL Joins for Analysis,DataCamp,sql,databases;sql,2,2.0,module,sql,paid,Targeted SQL module covering joins used in analytical workflows.,3,3,
G106,data_analyst,Advanced Data Analyst,dashboards:0;data_cleaning:0;data_visualisation:1;python:1;sql:1;statistics:0,python;sql,dashboards;data_cleaning;statistics,2,IBM Data Analyst Capstone,Coursera,data_analytics,dashboards;data_visualisation;excel;python;sql,2,12.0,project,python;sql,paid,Capstone-style data analyst project applying Python SQL spreadsheets and dashboards.,3,3,
G107,data_engineer,Intermediate Data Engineer,apis:1;data_cleaning:2;databases:2;deployment:0;programming:1;python:2;sql:2;version_control:1,data_cleaning;databases;python;sql,apis;deployment;version_control,2,Django Web Framework,Coursera,apis,apis;databases;programming;python,2,8.0,course,python,paid,Web development course building server-side applications with Django and databases.,3,3,
G108,data_scientist,Beginner Data Scientist,data_cleaning:1;data_visualisation:1;machine_learning:0;model_evaluation:0;python:1;sql:1;statistics:0,python;sql,machine_learning;model_evaluation;statistics,1,Applied Machine Learning in Python,Coursera,machine_learning,machine_learning;model_evaluation;python,2,12.0,course,python;statistics,paid,Supervised learning workflows with model training validation and evaluation in Python.,3,1,might be too hard for user but good skills match
G109,data_analyst,Advanced Data Analyst,dashboards:0;data_cleaning:0;data_visualisation:1;python:1;sql:1;statistics:0,python;sql,dashboards;data_cleaning;statistics,2,Intro to Data Cleaning with OpenRefine,University Open Course,data_cleaning,data_cleaning,1,3.0,course,,free,Short open course on cleaning messy datasets and preparing data for analysis.,3,2,user asks for more difficulty but good skills match.
G110,data_analyst,Beginner Data Analyst,data_cleaning:1;data_visualisation:0;excel:2;python:2;sql:0;statistics:1,excel;python,data_visualisation;sql;statistics,1,Statistics for Data Analytics,Khan Academy,statistics,statistics,1,6.0,course,,free,Core descriptive statistics probability sampling and interpretation for analytics.,1,3,user already have level 1 statistics
G111,data_engineer,Beginner Data Engineer,apis:0;data_cleaning:1;databases:0;deployment:0;python:1;sql:1;version_control:0,python;sql,apis;data_cleaning;databases;deployment;version_control,1,SQL for Data Analysis,Coursera,sql,data_cleaning;sql,1,6.0,course,,paid,Beginner SQL course covering SELECT JOIN aggregation and analytical queries for data roles.,1,3,user already has level 1 data cleaning and sql
G112,software_developer,Intermediate Software Developer,apis:0;databases:1;oop:1;programming:2;testing:0;version_control:1,databases;programming,apis;oop;testing,2,Software Testing Fundamentals,Udacity,testing,programming;testing,1,5.0,course,programming,free,Testing concepts test cases unit tests and software quality practices.,3,2,
G113,data_engineer,Intermediate Data Engineer,apis:1;data_cleaning:2;databases:2;deployment:0;programming:1;python:2;sql:2;version_control:1,data_cleaning;databases;python;sql,apis;deployment;version_control,2,DataCamp Module ML API Deployment,DataCamp,deployment,apis;deployment;machine_learning;python,3,3.0,module,apis;machine_learning;python,paid,Targeted module for deploying a trained machine learning model behind an API.,1,3,user does not require machine learning
G114,data_scientist,Beginner Data Scientist,data_cleaning:1;data_visualisation:1;machine_learning:0;model_evaluation:0;python:1;sql:1;statistics:0,python;sql,machine_learning;model_evaluation;statistics,1,DataCamp Module Model Validation,DataCamp,model_evaluation,machine_learning;model_evaluation;statistics,2,2.0,module,machine_learning,paid,Focused validation module covering train test splits cross-validation and evaluation metrics.,1,3,good skills match but too hard for user
G115,ml_engineer,Advanced ML Engineer,apis:1;deployment:0;machine_learning:2;model_evaluation:1;python:2;version_control:1,apis;machine_learning;python,deployment;model_evaluation,3,DataCamp Module Intro to MLOps,DataCamp,deployment,deployment;machine_learning;model_evaluation,3,3.0,module,machine_learning,paid,Short module introducing MLOps model lifecycle tracking and deployment considerations.,3,3,
G116,data_analyst,Advanced Data Analyst,dashboards:0;data_cleaning:0;data_visualisation:1;python:1;sql:1;statistics:0,python;sql,dashboards;data_cleaning;statistics,2,Exploratory Data Analysis in Python,Kaggle Learn,data_analysis,data_cleaning;data_visualisation;python;statistics,2,4.0,tutorial,python,free,Exploratory analysis workflow using Python summaries visualisations and data cleaning.,3,3,
G117,data_scientist,Beginner Data Scientist,data_cleaning:1;data_visualisation:1;machine_learning:0;model_evaluation:0;python:1;sql:1;statistics:0,python;sql,machine_learning;model_evaluation;statistics,1,DataCamp Module Statistical Thinking,DataCamp,statistics,statistics,1,3.0,module,,paid,Short statistics module covering distributions uncertainty and analytical reasoning.,3,3,
G118,software_developer,Beginner Software Developer,apis:0;databases:0;oop:0;programming:1;testing:0;version_control:0,programming,apis;databases;oop;testing;version_control,1,Python Project Build a CLI App,YouTube,programming,programming;python;version_control,1,3.0,project,python,free,Beginner project applying Python programming and Git workflow to build a command-line tool.,3,3,
G119,ml_engineer,Advanced ML Engineer,apis:1;deployment:0;machine_learning:2;model_evaluation:1;python:2;version_control:1,apis;machine_learning;python,deployment;model_evaluation,3,Introduction to Cloud Deployment,Coursera,deployment,apis;deployment;version_control,2,7.0,course,programming,paid,Deploy simple applications using cloud workflows version control and service configuration.,3,3,
G120,software_developer,Beginner Software Developer,apis:0;databases:0;oop:0;programming:1;testing:0;version_control:0,programming,apis;databases;oop;testing;version_control,1,Django Web Framework,Coursera,apis,apis;databases;programming;python,2,8.0,course,python,paid,Web development course building server-side applications with Django and databases.,3,2,
G121,data_analyst,Beginner Data Analyst,data_cleaning:1;data_visualisation:0;excel:2;python:2;sql:0;statistics:1,excel;python,data_visualisation;sql;statistics,1,DataCamp Module SQL Joins for Analysis,DataCamp,sql,databases;sql,2,2.0,module,sql,paid,Targeted SQL module covering joins used in analytical workflows.,3,1,too hard for user although skills match
G122,data_engineer,Beginner Data Engineer,apis:0;data_cleaning:1;databases:0;deployment:0;python:1;sql:1;version_control:0,python;sql,apis;data_cleaning;databases;deployment;version_control,1,Database Design and SQL,edX,databases,databases;sql,2,9.0,course,sql,paid,Relational modelling normalisation database design and SQL implementation.,3,2,might be too hard for user though skills is a perfect match
G123,ml_engineer,Intermediate ML Engineer,apis:0;deployment:0;machine_learning:1;model_evaluation:0;python:2;statistics:1,python;statistics,deployment;machine_learning;model_evaluation,2,Supervised Learning with Scikit Learn,DataCamp,machine_learning,machine_learning;model_evaluation;python,2,5.0,course,python;statistics,paid,Train and evaluate supervised models using common Python machine learning workflows.,3,3,
G124,data_analyst,Beginner Data Analyst,data_cleaning:1;data_visualisation:0;excel:2;python:2;sql:0;statistics:1,excel;python,data_visualisation;sql;statistics,1,Python for Data Visualisation,DataCamp,data_visualisation,dashboards;data_visualisation;python,2,4.0,course,python,paid,Use Python libraries to create charts dashboards and exploratory data visualisations.,3,3,
G125,software_developer,Intermediate Software Developer,apis:0;databases:1;oop:1;programming:2;testing:0;version_control:1,databases;programming,apis;oop;testing,2,freeCodeCamp Module API Routes,freeCodeCamp,apis,apis;programming,2,3.0,module,programming,free,Focused backend module for creating API routes and request handlers.,3,3,
G126,data_analyst,Intermediate Data Analyst,dashboards:0;data_visualisation:1;excel:2;python:0;sql:1;statistics:1,excel;sql,dashboards;data_cleaning;python,1,Python for Data Visualisation,DataCamp,data_visualisation,dashboards;data_visualisation;python,2,4.0,course,python,paid,Use Python libraries to create charts dashboards and exploratory data visualisations.,3,1,too hard for user although skills match
G127,software_developer,Beginner Software Developer,apis:0;databases:0;oop:0;programming:1;testing:0;version_control:0,programming,apis;databases;oop;testing;version_control,1,Unit Testing in Python,University Open Course,testing,programming;python;testing,1,4.0,course,python,free,Write unit tests assertions and testable Python code for software quality.,3,3,
G128,data_engineer,Intermediate Data Engineer,apis:1;data_cleaning:2;databases:2;deployment:0;programming:1;python:2;sql:2;version_control:1,data_cleaning;databases;python;sql,apis;deployment;version_control,2,Docker Explained Visually,Fireship,deployment,apis;deployment,2,0.5,youtube,,free,Optional short explanation of containers and why deployment uses Docker.,3,3,
G129,software_developer,Beginner Software Developer,apis:0;databases:0;oop:0;programming:1;testing:0;version_control:0,programming,apis;databases;oop;testing;version_control,1,Git and GitHub Crash Course,freeCodeCamp,version_control,version_control,1,2.0,video,,free,Practical version control workflow using Git commits branches and GitHub.,3,3,
G130,ml_engineer,Advanced ML Engineer,apis:1;deployment:0;machine_learning:2;model_evaluation:1;python:2;version_control:1,apis;machine_learning;python,deployment;model_evaluation,3,Feature Selection and Validation,Kaggle Learn,model_evaluation,machine_learning;model_evaluation;python;statistics,2,3.0,tutorial,python;statistics,free,Improve ML models through validation feature selection and performance comparison.,3,2,
G131,data_scientist,Intermediate Data Scientist,data_cleaning:2;data_visualisation:1;machine_learning:1;model_evaluation:0;python:2;sql:2;statistics:2,data_cleaning;python;sql;statistics,machine_learning;model_evaluation,2,DataCamp Module ML API Deployment,DataCamp,deployment,apis;deployment;machine_learning;python,3,3.0,module,apis;machine_learning;python,paid,Targeted module for deploying a trained machine learning model behind an API.,3,2,
G132,data_scientist,Intermediate Data Scientist,data_cleaning:2;data_visualisation:1;machine_learning:1;model_evaluation:0;python:2;sql:2;statistics:2,data_cleaning;python;sql;statistics,machine_learning;model_evaluation,2,DataCamp Module Intro to MLOps,DataCamp,deployment,deployment;machine_learning;model_evaluation,3,3.0,module,machine_learning,paid,Short module introducing MLOps model lifecycle tracking and deployment considerations.,3,3,
G133,data_engineer,Intermediate Data Engineer,apis:1;data_cleaning:2;databases:2;deployment:0;programming:1;python:2;sql:2;version_control:1,data_cleaning;databases;python;sql,apis;deployment;version_control,2,Data Cleaning in SQL and Python,University Open Course,data_cleaning,data_cleaning;python;sql,2,6.0,course,python;sql,free,Cleaning tabular data with SQL transformations and Python preprocessing scripts.,1,3,
G134,software_developer,Beginner Software Developer,apis:0;databases:0;oop:0;programming:1;testing:0;version_control:0,programming,apis;databases;oop;testing;version_control,1,Mini Project Build a Tested REST API,freeCodeCamp,project,apis;databases;programming;testing,2,4.0,project,apis;programming,free,Software developer project building a REST API with persistence and basic tests.,3,2,
G135,data_engineer,Beginner Data Engineer,apis:0;data_cleaning:1;databases:0;deployment:0;python:1;sql:1;version_control:0,python;sql,apis;data_cleaning;databases;deployment;version_control,1,Python Basics for Everybody,freeCodeCamp,python,programming;python,1,7.0,tutorial,,free,Beginner programming tutorial introducing Python syntax functions and basic problem solving.,2,1,user already has level 1 python
G136,ml_engineer,Advanced ML Engineer,apis:1;deployment:0;machine_learning:2;model_evaluation:1;python:2;version_control:1,apis;machine_learning;python,deployment;model_evaluation,3,DataCamp Module Model Validation,DataCamp,model_evaluation,machine_learning;model_evaluation;statistics,2,2.0,module,machine_learning,paid,Focused validation module covering train test splits cross-validation and evaluation metrics.,3,2,
G137,ml_engineer,Intermediate ML Engineer,apis:0;deployment:0;machine_learning:1;model_evaluation:0;python:2;statistics:1,python;statistics,deployment;machine_learning;model_evaluation,2,Machine Learning Pipelines,Coursera,machine_learning,deployment;machine_learning;model_evaluation;python,3,9.0,course,machine_learning;python,paid,Pipeline design for preprocessing training evaluation and deployment readiness.,3,2,
G138,data_engineer,Intermediate Data Engineer,apis:1;data_cleaning:2;databases:2;deployment:0;programming:1;python:2;sql:2;version_control:1,data_cleaning;databases;python;sql,apis;deployment;version_control,2,Mini Project Version-Controlled CLI Tool,YouTube,project,programming;python;testing;version_control,1,3.0,project,python,free,Small project building a command-line tool with Git workflow and simple tests.,1,3,might be too easy
G139,software_developer,Intermediate Software Developer,apis:0;databases:1;oop:1;programming:2;testing:0;version_control:1,databases;programming,apis;oop;testing,2,Object Oriented Design Patterns,Coursera,oop,oop;programming;testing,3,9.0,course,oop,paid,Reusable object-oriented design patterns and software design principles.,3,2,might be too hard but skills match
G140,data_analyst,Advanced Data Analyst,dashboards:0;data_cleaning:0;data_visualisation:1;python:1;sql:1;statistics:0,python;sql,dashboards;data_cleaning;statistics,2,Intermediate SQL Queries,DataCamp,sql,data_cleaning;databases;sql,2,5.0,course,sql,paid,Practice-focused SQL resource for joins subqueries window functions and database querying.,3,3,
G141,data_analyst,Intermediate Data Analyst,dashboards:0;data_visualisation:1;excel:2;python:0;sql:1;statistics:1,excel;sql,dashboards;data_cleaning;python,1,Intro to Data Cleaning with OpenRefine,University Open Course,data_cleaning,data_cleaning,1,3.0,course,,free,Short open course on cleaning messy datasets and preparing data for analysis.,3,3,
G142,software_developer,Intermediate Software Developer,apis:0;databases:1;oop:1;programming:2;testing:0;version_control:1,databases;programming,apis;oop;testing,2,Mini Project Build a Tested REST API,freeCodeCamp,project,apis;databases;programming;testing,2,4.0,project,apis;programming,free,Software developer project building a REST API with persistence and basic tests.,3,3,
G143,data_analyst,Beginner Data Analyst,data_cleaning:1;data_visualisation:0;excel:2;python:2;sql:0;statistics:1,excel;python,data_visualisation;sql;statistics,1,Business Statistics and A B Testing,edX,statistics,data_visualisation;statistics,2,8.0,course,statistics,paid,Applied statistics hypothesis testing and experiment interpretation for business decisions.,3,2,
G144,data_engineer,Intermediate Data Engineer,apis:1;data_cleaning:2;databases:2;deployment:0;programming:1;python:2;sql:2;version_control:1,data_cleaning;databases;python;sql,apis;deployment;version_control,2,freeCodeCamp Module Database Projects,freeCodeCamp,databases,databases;programming;sql,2,4.0,module,programming;sql,free,Specific module applying relational databases in backend projects.,2,1,might be too easy for user
G145,data_scientist,Beginner Data Scientist,data_cleaning:1;data_visualisation:1;machine_learning:0;model_evaluation:0;python:1;sql:1;statistics:0,python;sql,machine_learning;model_evaluation;statistics,1,Pandas Data Cleaning Tutorial,YouTube,data_cleaning,data_cleaning;data_visualisation;python,2,3.0,video,python,free,Hands-on walkthrough for cleaning tabular data with pandas and simple plots.,3,3,
G146,data_analyst,Intermediate Data Analyst,dashboards:0;data_visualisation:1;excel:2;python:0;sql:1;statistics:1,excel;sql,dashboards;data_cleaning;python,1,IBM Data Analyst Capstone,Coursera,data_analytics,dashboards;data_visualisation;excel;python;sql,2,12.0,project,python;sql,paid,Capstone-style data analyst project applying Python SQL spreadsheets and dashboards.,3,3,
G147,data_scientist,Beginner Data Scientist,data_cleaning:1;data_visualisation:1;machine_learning:0;model_evaluation:0;python:1;sql:1;statistics:0,python;sql,machine_learning;model_evaluation;statistics,1,Python for Data Visualisation,DataCamp,data_visualisation,dashboards;data_visualisation;python,2,4.0,course,python,paid,Use Python libraries to create charts dashboards and exploratory data visualisations.,1,3,
G148,data_analyst,Advanced Data Analyst,dashboards:0;data_cleaning:0;data_visualisation:1;python:1;sql:1;statistics:0,python;sql,dashboards;data_cleaning;statistics,2,DataCamp Module Data Analyst Case Study,DataCamp,data_analysis,data_cleaning;data_visualisation;python;sql,2,4.0,module,python;sql,paid,Short case-study module applying SQL Python cleaning and visualisation to an analyst task.,3,3,
G149,data_engineer,Beginner Data Engineer,apis:0;data_cleaning:1;databases:0;deployment:0;python:1;sql:1;version_control:0,python;sql,apis;data_cleaning;databases;deployment;version_control,1,Intermediate SQL Queries,DataCamp,sql,data_cleaning;databases;sql,2,5.0,course,sql,paid,Practice-focused SQL resource for joins subqueries window functions and database querying.,3,3,
G150,ml_engineer,Advanced ML Engineer,apis:1;deployment:0;machine_learning:2;model_evaluation:1;python:2;version_control:1,apis;machine_learning;python,deployment;model_evaluation,3,DataCamp Module ML API Deployment,DataCamp,deployment,apis;deployment;machine_learning;python,3,3.0,module,apis;machine_learning;python,paid,Targeted module for deploying a trained machine learning model behind an API.,3,3,
G151,software_developer,Beginner Software Developer,apis:0;databases:0;oop:0;programming:1;testing:0;version_control:0,programming,apis;databases;oop;testing;version_control,1,Software Engineering Principles,edX,programming,oop;programming;testing;version_control,2,10.0,course,programming,paid,Software engineering practices for design maintainability testing and collaboration.,3,3,
G152,ml_engineer,Intermediate ML Engineer,apis:0;deployment:0;machine_learning:1;model_evaluation:0;python:2;statistics:1,python;statistics,deployment;machine_learning;model_evaluation,2,Mini Project Customer Churn Model,Kaggle Learn,project,data_cleaning;machine_learning;model_evaluation;python,2,4.0,project,machine_learning;python,free,Practical ML project training and evaluating a churn prediction model.,3,3,
G153,data_engineer,Intermediate Data Engineer,apis:1;data_cleaning:2;databases:2;deployment:0;programming:1;python:2;sql:2;version_control:1,data_cleaning;databases;python;sql,apis;deployment;version_control,2,Flask for Model Serving,Coursera,deployment,apis;deployment;machine_learning;python,2,6.0,course,python,paid,Build Python web services for model serving and simple API integration.,1,3,
G154,data_analyst,Intermediate Data Analyst,dashboards:0;data_visualisation:1;excel:2;python:0;sql:1;statistics:1,excel;sql,dashboards;data_cleaning;python,1,Mini Project Analyse Sales Data with SQL,Coursera,project,data_cleaning;sql;statistics,1,3.0,project,sql,paid,Small analyst project using SQL to clean summarize and interpret sales data.,3,2,
G155,data_scientist,Intermediate Data Scientist,data_cleaning:2;data_visualisation:1;machine_learning:1;model_evaluation:0;python:2;sql:2;statistics:2,data_cleaning;python;sql;statistics,machine_learning;model_evaluation,2,DataCamp Module Model Validation,DataCamp,model_evaluation,machine_learning;model_evaluation;statistics,2,2.0,module,machine_learning,paid,Focused validation module covering train test splits cross-validation and evaluation metrics.,3,3,
G156,data_engineer,Beginner Data Engineer,apis:0;data_cleaning:1;databases:0;deployment:0;python:1;sql:1;version_control:0,python;sql,apis;data_cleaning;databases;deployment;version_control,1,Back End Development and APIs,freeCodeCamp,apis,apis;databases;programming;testing,2,25.0,career_track,programming,free,Backend curriculum covering APIs microservices databases and quality assurance.,3,2,
G157,ml_engineer,Advanced ML Engineer,apis:1;deployment:0;machine_learning:2;model_evaluation:1;python:2;version_control:1,apis;machine_learning;python,deployment;model_evaluation,3,MLOps Fundamentals,DataCamp,deployment,deployment;machine_learning;model_evaluation;python;version_control,3,7.0,course,machine_learning;python,paid,Operational machine learning concepts including model lifecycle tracking and monitoring.,3,3,
G158,software_developer,Beginner Software Developer,apis:0;databases:0;oop:0;programming:1;testing:0;version_control:0,programming,apis;databases;oop;testing;version_control,1,Relational Databases for Beginners,freeCodeCamp,databases,databases;sql,1,8.0,tutorial,,free,Build database knowledge through relational modelling SQL tables and queries.,2,2,
G159,software_developer,Beginner Software Developer,apis:0;databases:0;oop:0;programming:1;testing:0;version_control:0,programming,apis;databases;oop;testing;version_control,1,freeCodeCamp Module Object Oriented JavaScript,freeCodeCamp,oop,oop;programming,2,3.0,module,programming,free,Targeted object-oriented programming module for software developer foundations.,3,2,
G160,data_engineer,Intermediate Data Engineer,apis:1;data_cleaning:2;databases:2;deployment:0;programming:1;python:2;sql:2;version_control:1,data_cleaning;databases;python;sql,apis;deployment;version_control,2,Database Design and SQL,edX,databases,databases;sql,2,9.0,course,sql,paid,Relational modelling normalisation database design and SQL implementation.,1,3,
G161,data_engineer,Intermediate Data Engineer,apis:1;data_cleaning:2;databases:2;deployment:0;programming:1;python:2;sql:2;version_control:1,data_cleaning;databases;python;sql,apis;deployment;version_control,2,How Databases Work,Computerphile,databases,databases;sql,1,1.0,video_essay,,free,Optional conceptual video about databases and how data is stored and queried.,2,3,
G162,data_scientist,Beginner Data Scientist,data_cleaning:1;data_visualisation:1;machine_learning:0;model_evaluation:0;python:1;sql:1;statistics:0,python;sql,machine_learning;model_evaluation;statistics,1,Supervised Learning with Scikit Learn,DataCamp,machine_learning,machine_learning;model_evaluation;python,2,5.0,course,python;statistics,paid,Train and evaluate supervised models using common Python machine learning workflows.,3,2,"good skills match, might be too hard"
G163,software_developer,Intermediate Software Developer,apis:0;databases:1;oop:1;programming:2;testing:0;version_control:1,databases;programming,apis;oop;testing,2,freeCodeCamp Module Quality Assurance Testing,freeCodeCamp,testing,apis;programming;testing,2,3.0,module,programming,free,Focused testing module for backend quality assurance and API tests.,3,3,
G164,ml_engineer,Advanced ML Engineer,apis:1;deployment:0;machine_learning:2;model_evaluation:1;python:2;version_control:1,apis;machine_learning;python,deployment;model_evaluation,3,Mini Project Deploy a Prediction API,Coursera,project,apis;deployment;machine_learning;python,3,4.0,project,apis;machine_learning;python,paid,Small ML engineering project serving a trained model through an API.,3,3,
G165,data_engineer,Beginner Data Engineer,apis:0;data_cleaning:1;databases:0;deployment:0;python:1;sql:1;version_control:0,python;sql,apis;data_cleaning;databases;deployment;version_control,1,Database Clients and ORM Basics,Coursera,databases,apis;databases;programming;sql,2,6.0,course,programming;sql,paid,Access relational databases from applications using clients ORM concepts and queries.,3,3,
G166,ml_engineer,Advanced ML Engineer,apis:1;deployment:0;machine_learning:2;model_evaluation:1;python:2;version_control:1,apis;machine_learning;python,deployment;model_evaluation,3,Machine Learning Pipelines,Coursera,machine_learning,deployment;machine_learning;model_evaluation;python,3,9.0,course,machine_learning;python,paid,Pipeline design for preprocessing training evaluation and deployment readiness.,3,3,
G167,data_analyst,Advanced Data Analyst,dashboards:0;data_cleaning:0;data_visualisation:1;python:1;sql:1;statistics:0,python;sql,dashboards;data_cleaning;statistics,2,Business Statistics and A B Testing,edX,statistics,data_visualisation;statistics,2,8.0,course,statistics,paid,Applied statistics hypothesis testing and experiment interpretation for business decisions.,3,3,
G168,data_engineer,Beginner Data Engineer,apis:0;data_cleaning:1;databases:0;deployment:0;python:1;sql:1;version_control:0,python;sql,apis;data_cleaning;databases;deployment;version_control,1,How Databases Work,Computerphile,databases,databases;sql,1,1.0,video_essay,,free,Optional conceptual video about databases and how data is stored and queried.,3,3,
G169,data_engineer,Beginner Data Engineer,apis:0;data_cleaning:1;databases:0;deployment:0;python:1;sql:1;version_control:0,python;sql,apis;data_cleaning;databases;deployment;version_control,1,freeCodeCamp Module Database Projects,freeCodeCamp,databases,databases;programming;sql,2,4.0,module,programming;sql,free,Specific module applying relational databases in backend projects.,3,2,
G170,ml_engineer,Advanced ML Engineer,apis:1;deployment:0;machine_learning:2;model_evaluation:1;python:2;version_control:1,apis;machine_learning;python,deployment;model_evaluation,3,Model Monitoring and Drift,University Open Course,model_evaluation,deployment;machine_learning;model_evaluation,3,5.0,course,machine_learning,free,Monitor deployed models and detect performance changes and data drift.,3,3,
G171,software_developer,Beginner Software Developer,apis:0;databases:0;oop:0;programming:1;testing:0;version_control:0,programming,apis;databases;oop;testing;version_control,1,REST API Development with Flask,YouTube,apis,apis;deployment;programming;python,2,4.0,tutorial,python,free,Build REST endpoints and simple backend services using Flask.,3,2,
G172,ml_engineer,Intermediate ML Engineer,apis:0;deployment:0;machine_learning:1;model_evaluation:0;python:2;statistics:1,python;statistics,deployment;machine_learning;model_evaluation,2,Machine Learning Model Evaluation,DataCamp,model_evaluation,machine_learning;model_evaluation;statistics,2,4.0,course,machine_learning,paid,Focused resource on validation metrics cross-validation and model selection.,3,3,
G173,data_analyst,Advanced Data Analyst,dashboards:0;data_cleaning:0;data_visualisation:1;python:1;sql:1;statistics:0,python;sql,dashboards;data_cleaning;statistics,2,Statistics for Data Analytics,Khan Academy,statistics,statistics,1,6.0,course,,free,Core descriptive statistics probability sampling and interpretation for analytics.,3,2,might be too easy
G174,data_analyst,Advanced Data Analyst,dashboards:0;data_cleaning:0;data_visualisation:1;python:1;sql:1;statistics:0,python;sql,dashboards;data_cleaning;statistics,2,Python for Data Visualisation,DataCamp,data_visualisation,dashboards;data_visualisation;python,2,4.0,course,python,paid,Use Python libraries to create charts dashboards and exploratory data visualisations.,3,3,
G175,data_engineer,Intermediate Data Engineer,apis:1;data_cleaning:2;databases:2;deployment:0;programming:1;python:2;sql:2;version_control:1,data_cleaning;databases;python;sql,apis;deployment;version_control,2,freeCodeCamp Module API Routes,freeCodeCamp,apis,apis;programming,2,3.0,module,programming,free,Focused backend module for creating API routes and request handlers.,3,3,
G176,data_engineer,Beginner Data Engineer,apis:0;data_cleaning:1;databases:0;deployment:0;python:1;sql:1;version_control:0,python;sql,apis;data_cleaning;databases;deployment;version_control,1,Mini Project Build a Tested REST API,freeCodeCamp,project,apis;databases;programming;testing,2,4.0,project,apis;programming,free,Software developer project building a REST API with persistence and basic tests.,2,2,
G177,data_analyst,Beginner Data Analyst,data_cleaning:1;data_visualisation:0;excel:2;python:2;sql:0;statistics:1,excel;python,data_visualisation;sql;statistics,1,Mini Project Analyse Sales Data with SQL,Coursera,project,data_cleaning;sql;statistics,1,3.0,project,sql,paid,Small analyst project using SQL to clean summarize and interpret sales data.,2,3,
G178,software_developer,Beginner Software Developer,apis:0;databases:0;oop:0;programming:1;testing:0;version_control:0,programming,apis;databases;oop;testing;version_control,1,Software Testing Fundamentals,Udacity,testing,programming;testing,1,5.0,course,programming,free,Testing concepts test cases unit tests and software quality practices.,2,3,
G179,data_scientist,Intermediate Data Scientist,data_cleaning:2;data_visualisation:1;machine_learning:1;model_evaluation:0;python:2;sql:2;statistics:2,data_cleaning;python;sql;statistics,machine_learning;model_evaluation,2,Supervised Learning with Scikit Learn,DataCamp,machine_learning,machine_learning;model_evaluation;python,2,5.0,course,python;statistics,paid,Train and evaluate supervised models using common Python machine learning workflows.,3,3,
G180,data_analyst,Intermediate Data Analyst,dashboards:0;data_visualisation:1;excel:2;python:0;sql:1;statistics:1,excel;sql,dashboards;data_cleaning;python,1,DataCamp Module Data Analyst Case Study,DataCamp,data_analysis,data_cleaning;data_visualisation;python;sql,2,4.0,module,python;sql,paid,Short case-study module applying SQL Python cleaning and visualisation to an analyst task.,3,3,
G181,data_scientist,Intermediate Data Scientist,data_cleaning:2;data_visualisation:1;machine_learning:1;model_evaluation:0;python:2;sql:2;statistics:2,data_cleaning;python;sql;statistics,machine_learning;model_evaluation,2,Mini Project Deploy a Prediction API,Coursera,project,apis;deployment;machine_learning;python,3,4.0,project,apis;machine_learning;python,paid,Small ML engineering project serving a trained model through an API.,3,3,
G182,software_developer,Intermediate Software Developer,apis:0;databases:1;oop:1;programming:2;testing:0;version_control:1,databases;programming,apis;oop;testing,2,Database Design and SQL,edX,databases,databases;sql,2,9.0,course,sql,paid,Relational modelling normalisation database design and SQL implementation.,2,3,
G183,data_scientist,Intermediate Data Scientist,data_cleaning:2;data_visualisation:1;machine_learning:1;model_evaluation:0;python:2;sql:2;statistics:2,data_cleaning;python;sql;statistics,machine_learning;model_evaluation,2,MLflow Experiment Tracking,DataCamp,model_evaluation,deployment;machine_learning;model_evaluation;python,3,5.0,course,machine_learning,paid,Track experiments parameters metrics and model artifacts for ML workflows.,3,3,
G184,data_analyst,Intermediate Data Analyst,dashboards:0;data_visualisation:1;excel:2;python:0;sql:1;statistics:1,excel;sql,dashboards;data_cleaning;python,1,Relational Databases for Beginners,freeCodeCamp,databases,databases;sql,1,8.0,tutorial,,free,Build database knowledge through relational modelling SQL tables and queries.,2,2,
G185,data_scientist,Beginner Data Scientist,data_cleaning:1;data_visualisation:1;machine_learning:0;model_evaluation:0;python:1;sql:1;statistics:0,python;sql,machine_learning;model_evaluation;statistics,1,Machine Learning Model Evaluation,DataCamp,model_evaluation,machine_learning;model_evaluation;statistics,2,4.0,course,machine_learning,paid,Focused resource on validation metrics cross-validation and model selection.,1,3,
G186,software_developer,Beginner Software Developer,apis:0;databases:0;oop:0;programming:1;testing:0;version_control:0,programming,apis;databases;oop;testing;version_control,1,Meta Back End Developer Foundations,Coursera,programming,apis;databases;programming;version_control,2,20.0,course,programming,paid,Backend developer pathway topics including version control APIs databases and server development.,3,2,too hard
G187,ml_engineer,Advanced ML Engineer,apis:1;deployment:0;machine_learning:2;model_evaluation:1;python:2;version_control:1,apis;machine_learning;python,deployment;model_evaluation,3,MLflow Experiment Tracking,DataCamp,model_evaluation,deployment;machine_learning;model_evaluation;python,3,5.0,course,machine_learning,paid,Track experiments parameters metrics and model artifacts for ML workflows.,3,3,
G188,data_analyst,Beginner Data Analyst,data_cleaning:1;data_visualisation:0;excel:2;python:2;sql:0;statistics:1,excel;python,data_visualisation;sql;statistics,1,DataCamp Module Cleaning Data with pandas,DataCamp,data_cleaning,data_cleaning;python,2,3.0,module,python,paid,Focused module for cleaning missing values duplicates and inconsistent tabular data with pandas.,3,3,
G189,software_developer,Beginner Software Developer,apis:0;databases:0;oop:0;programming:1;testing:0;version_control:0,programming,apis;databases;oop;testing;version_control,1,Mini Project Version-Controlled CLI Tool,YouTube,project,programming;python;testing;version_control,1,3.0,project,python,free,Small project building a command-line tool with Git workflow and simple tests.,3,3,
G190,data_engineer,Beginner Data Engineer,apis:0;data_cleaning:1;databases:0;deployment:0;python:1;sql:1;version_control:0,python;sql,apis;data_cleaning;databases;deployment;version_control,1,Intro to Data Cleaning with OpenRefine,University Open Course,data_cleaning,data_cleaning,1,3.0,course,,free,Short open course on cleaning messy datasets and preparing data for analysis.,3,1,too easy
G191,ml_engineer,Advanced ML Engineer,apis:1;deployment:0;machine_learning:2;model_evaluation:1;python:2;version_control:1,apis;machine_learning;python,deployment;model_evaluation,3,Docker for Machine Learning,YouTube,deployment,apis;deployment;machine_learning,3,4.0,video,machine_learning;python,free,Containerise machine learning applications for reproducible deployment.,3,3,
G192,software_developer,Intermediate Software Developer,apis:0;databases:1;oop:1;programming:2;testing:0;version_control:1,databases;programming,apis;oop;testing,2,REST API Development with Flask,YouTube,apis,apis;deployment;programming;python,2,4.0,tutorial,python,free,Build REST endpoints and simple backend services using Flask.,3,2,
G193,data_scientist,Beginner Data Scientist,data_cleaning:1;data_visualisation:1;machine_learning:0;model_evaluation:0;python:1;sql:1;statistics:0,python;sql,machine_learning;model_evaluation;statistics,1,Mini Project Analyse Sales Data with SQL,Coursera,project,data_cleaning;sql;statistics,1,3.0,project,sql,paid,Small analyst project using SQL to clean summarize and interpret sales data.,2,2,
G194,data_analyst,Beginner Data Analyst,data_cleaning:1;data_visualisation:0;excel:2;python:2;sql:0;statistics:1,excel;python,data_visualisation;sql;statistics,1,Data Cleaning in SQL and Python,University Open Course,data_cleaning,data_cleaning;python;sql,2,6.0,course,python;sql,free,Cleaning tabular data with SQL transformations and Python preprocessing scripts.,3,3,
G195,data_analyst,Advanced Data Analyst,dashboards:0;data_cleaning:0;data_visualisation:1;python:1;sql:1;statistics:0,python;sql,dashboards;data_cleaning;statistics,2,DataCamp Module Cleaning Data with pandas,DataCamp,data_cleaning,data_cleaning;python,2,3.0,module,python,paid,Focused module for cleaning missing values duplicates and inconsistent tabular data with pandas.,3,3,
G196,data_scientist,Beginner Data Scientist,data_cleaning:1;data_visualisation:1;machine_learning:0;model_evaluation:0;python:1;sql:1;statistics:0,python;sql,machine_learning;model_evaluation;statistics,1,DataCamp Module Cleaning Data with pandas,DataCamp,data_cleaning,data_cleaning;python,2,3.0,module,python,paid,Focused module for cleaning missing values duplicates and inconsistent tabular data with pandas.,3,3,
G197,data_scientist,Intermediate Data Scientist,data_cleaning:2;data_visualisation:1;machine_learning:1;model_evaluation:0;python:2;sql:2;statistics:2,data_cleaning;python;sql;statistics,machine_learning;model_evaluation,2,Unsupervised Learning in Python,DataCamp,machine_learning,machine_learning;model_evaluation;python,2,4.0,course,python;statistics,paid,Clustering dimensionality reduction and unsupervised pattern discovery in Python.,3,3,
G198,data_analyst,Beginner Data Analyst,data_cleaning:1;data_visualisation:0;excel:2;python:2;sql:0;statistics:1,excel;python,data_visualisation;sql;statistics,1,Data Visualisation with Tableau,edX,data_visualisation,dashboards;data_visualisation,1,5.0,course,,paid,Introductory dashboarding and data visualisation with Tableau.,3,3,
G199,data_analyst,Advanced Data Analyst,dashboards:0;data_cleaning:0;data_visualisation:1;python:1;sql:1;statistics:0,python;sql,dashboards;data_cleaning;statistics,2,SQL Joins and Aggregations,DataCamp,sql,databases;sql,1,3.0,course,sql,paid,Focused practice on SQL joins grouping filtering and aggregation.,1,3,
G200,ml_engineer,Intermediate ML Engineer,apis:0;deployment:0;machine_learning:1;model_evaluation:0;python:2;statistics:1,python;statistics,deployment;machine_learning;model_evaluation,2,Practical Feature Engineering,Kaggle Learn,machine_learning,data_cleaning;machine_learning;model_evaluation;python,2,4.0,tutorial,python;statistics,free,Hands-on feature engineering for improving machine learning model performance.,3,3,
G201,data_analyst,Intermediate Data Analyst,dashboards:0;data_visualisation:1;excel:2;python:0;sql:1;statistics:1,excel;sql,dashboards;data_cleaning;python,1,Pandas Data Cleaning Tutorial,YouTube,data_cleaning,data_cleaning;data_visualisation;python,2,3.0,video,python,free,Hands-on walkthrough for cleaning tabular data with pandas and simple plots.,3,2,might be hard
G202,ml_engineer,Intermediate ML Engineer,apis:0;deployment:0;machine_learning:1;model_evaluation:0;python:2;statistics:1,python;statistics,deployment;machine_learning;model_evaluation,2,MLOps Fundamentals,DataCamp,deployment,deployment;machine_learning;model_evaluation;python;version_control,3,7.0,course,machine_learning;python,paid,Operational machine learning concepts including model lifecycle tracking and monitoring.,3,3,
G203,data_analyst,Intermediate Data Analyst,dashboards:0;data_visualisation:1;excel:2;python:0;sql:1;statistics:1,excel;sql,dashboards;data_cleaning;python,1,DataCamp Module SQL Filtering and Sorting,DataCamp,sql,sql,1,2.0,module,sql,paid,Short module from a data analyst style path focused on filtering sorting and retrieving SQL data.,1,3,too easy
G204,data_engineer,Intermediate Data Engineer,apis:1;data_cleaning:2;databases:2;deployment:0;programming:1;python:2;sql:2;version_control:1,data_cleaning;databases;python;sql,apis;deployment;version_control,2,SQL Joins and Aggregations,DataCamp,sql,databases;sql,1,3.0,course,sql,paid,Focused practice on SQL joins grouping filtering and aggregation.,1,3,too easy
G205,data_scientist,Beginner Data Scientist,data_cleaning:1;data_visualisation:1;machine_learning:0;model_evaluation:0;python:1;sql:1;statistics:0,python;sql,machine_learning;model_evaluation;statistics,1,Intro to Data Cleaning with OpenRefine,University Open Course,data_cleaning,data_cleaning,1,3.0,course,,free,Short open course on cleaning messy datasets and preparing data for analysis.,1,3,too easy
G206,ml_engineer,Intermediate ML Engineer,apis:0;deployment:0;machine_learning:1;model_evaluation:0;python:2;statistics:1,python;statistics,deployment;machine_learning;model_evaluation,2,Applied Recommender Systems,Coursera,recommender_systems,machine_learning;model_evaluation;python,3,8.0,course,machine_learning;python,paid,Implement and evaluate similarity-based and model-based recommender systems.,3,2,good skills match but might be hard
G207,data_analyst,Advanced Data Analyst,dashboards:0;data_cleaning:0;data_visualisation:1;python:1;sql:1;statistics:0,python;sql,dashboards;data_cleaning;statistics,2,Mini Project Analyse Sales Data with SQL,Coursera,project,data_cleaning;sql;statistics,1,3.0,project,sql,paid,Small analyst project using SQL to clean summarize and interpret sales data.,3,3,
G208,ml_engineer,Advanced ML Engineer,apis:1;deployment:0;machine_learning:2;model_evaluation:1;python:2;version_control:1,apis;machine_learning;python,deployment;model_evaluation,3,Mini Project Customer Churn Model,Kaggle Learn,project,data_cleaning;machine_learning;model_evaluation;python,2,4.0,project,machine_learning;python,free,Practical ML project training and evaluating a churn prediction model.,1,3,too easy
G209,data_engineer,Intermediate Data Engineer,apis:1;data_cleaning:2;databases:2;deployment:0;programming:1;python:2;sql:2;version_control:1,data_cleaning;databases;python;sql,apis;deployment;version_control,2,Relational Databases for Beginners,freeCodeCamp,databases,databases;sql,1,8.0,tutorial,,free,Build database knowledge through relational modelling SQL tables and queries.,1,3,too easy
G210,data_scientist,Intermediate Data Scientist,data_cleaning:2;data_visualisation:1;machine_learning:1;model_evaluation:0;python:2;sql:2;statistics:2,data_cleaning;python;sql;statistics,machine_learning;model_evaluation,2,Practical Feature Engineering,Kaggle Learn,machine_learning,data_cleaning;machine_learning;model_evaluation;python,2,4.0,tutorial,python;statistics,free,Hands-on feature engineering for improving machine learning model performance.,2,3,
G211,data_analyst,Intermediate Data Analyst,dashboards:0;data_visualisation:1;excel:2;python:0;sql:1;statistics:1,excel;sql,dashboards;data_cleaning;python,1,DataCamp Module Tableau Dashboard Layouts,DataCamp,dashboards,dashboards;data_visualisation,1,2.0,module,,paid,Targeted dashboard module for creating readable Tableau dashboard layouts.,3,3,
G212,software_developer,Intermediate Software Developer,apis:0;databases:1;oop:1;programming:2;testing:0;version_control:1,databases;programming,apis;oop;testing,2,Database Clients and ORM Basics,Coursera,databases,apis;databases;programming;sql,2,6.0,course,programming;sql,paid,Access relational databases from applications using clients ORM concepts and queries.,2,3,
G213,data_scientist,Beginner Data Scientist,data_cleaning:1;data_visualisation:1;machine_learning:0;model_evaluation:0;python:1;sql:1;statistics:0,python;sql,machine_learning;model_evaluation;statistics,1,Statistics for Data Analytics,Khan Academy,statistics,statistics,1,6.0,course,,free,Core descriptive statistics probability sampling and interpretation for analytics.,3,3,
G214,software_developer,Beginner Software Developer,apis:0;databases:0;oop:0;programming:1;testing:0;version_control:0,programming,apis;databases;oop;testing;version_control,1,freeCodeCamp Module Git Basics,freeCodeCamp,version_control,version_control,1,2.0,module,,free,Specific version control module covering commits branches and repository workflow.,3,3,
G215,data_analyst,Beginner Data Analyst,data_cleaning:1;data_visualisation:0;excel:2;python:2;sql:0;statistics:1,excel;python,data_visualisation;sql;statistics,1,DataCamp Module SQL Filtering and Sorting,DataCamp,sql,sql,1,2.0,module,sql,paid,Short module from a data analyst style path focused on filtering sorting and retrieving SQL data.,3,3,
G216,data_scientist,Beginner Data Scientist,data_cleaning:1;data_visualisation:1;machine_learning:0;model_evaluation:0;python:1;sql:1;statistics:0,python;sql,machine_learning;model_evaluation;statistics,1,DataCamp Module Data Analyst Case Study,DataCamp,data_analysis,data_cleaning;data_visualisation;python;sql,2,4.0,module,python;sql,paid,Short case-study module applying SQL Python cleaning and visualisation to an analyst task.,3,3,
G217,data_scientist,Intermediate Data Scientist,data_cleaning:2;data_visualisation:1;machine_learning:1;model_evaluation:0;python:2;sql:2;statistics:2,data_cleaning;python;sql;statistics,machine_learning;model_evaluation,2,Python Data Science Handbook,University Open Course,python,data_visualisation;machine_learning;python;statistics,2,14.0,course,python,free,Broad Python data science material covering analysis visualisation and modelling.,2,3,
G218,data_analyst,Advanced Data Analyst,dashboards:0;data_cleaning:0;data_visualisation:1;python:1;sql:1;statistics:0,python;sql,dashboards;data_cleaning;statistics,2,Dashboard Design Principles,University Open Course,dashboards,dashboards;data_visualisation,1,2.0,course,,free,Design principles for readable dashboards charts and analytical communication.,2,3,
G219,data_engineer,Intermediate Data Engineer,apis:1;data_cleaning:2;databases:2;deployment:0;programming:1;python:2;sql:2;version_control:1,data_cleaning;databases;python;sql,apis;deployment;version_control,2,Git and GitHub Crash Course,freeCodeCamp,version_control,version_control,1,2.0,video,,free,Practical version control workflow using Git commits branches and GitHub.,2,3,
G220,data_engineer,Beginner Data Engineer,apis:0;data_cleaning:1;databases:0;deployment:0;python:1;sql:1;version_control:0,python;sql,apis;data_cleaning;databases;deployment;version_control,1,SQL Tutorial Full Database Course for Beginners,freeCodeCamp,sql,databases;sql,1,4.0,youtube,,free,Optional long-form YouTube explanation for learners who want a beginner-friendly SQL walkthrough.,3,3,
G221,data_engineer,Intermediate Data Engineer,apis:1;data_cleaning:2;databases:2;deployment:0;programming:1;python:2;sql:2;version_control:1,data_cleaning;databases;python;sql,apis;deployment;version_control,2,REST API Development with Flask,YouTube,apis,apis;deployment;programming;python,2,4.0,tutorial,python,free,Build REST endpoints and simple backend services using Flask.,3,3,
G222,data_analyst,Advanced Data Analyst,dashboards:0;data_cleaning:0;data_visualisation:1;python:1;sql:1;statistics:0,python;sql,dashboards;data_cleaning;statistics,2,Power BI Dashboard Basics,DataCamp,dashboards,dashboards;data_cleaning;data_visualisation,1,5.0,course,,paid,Beginner dashboarding resource using Power BI for business reporting.,3,3,
G223,data_scientist,Beginner Data Scientist,data_cleaning:1;data_visualisation:1;machine_learning:0;model_evaluation:0;python:1;sql:1;statistics:0,python;sql,machine_learning;model_evaluation;statistics,1,Mini Project Customer Churn Model,Kaggle Learn,project,data_cleaning;machine_learning;model_evaluation;python,2,4.0,project,machine_learning;python,free,Practical ML project training and evaluating a churn prediction model.,3,2,"lacking machine learning prerequisites, but skills are a good match"
G224,software_developer,Beginner Software Developer,apis:0;databases:0;oop:0;programming:1;testing:0;version_control:0,programming,apis;databases;oop;testing;version_control,1,Database Clients and ORM Basics,Coursera,databases,apis;databases;programming;sql,2,6.0,course,programming;sql,paid,Access relational databases from applications using clients ORM concepts and queries.,2,3,
G225,data_scientist,Intermediate Data Scientist,data_cleaning:2;data_visualisation:1;machine_learning:1;model_evaluation:0;python:2;sql:2;statistics:2,data_cleaning;python;sql;statistics,machine_learning;model_evaluation,2,Mini Project Customer Churn Model,Kaggle Learn,project,data_cleaning;machine_learning;model_evaluation;python,2,4.0,project,machine_learning;python,free,Practical ML project training and evaluating a churn prediction model.,3,3,
G226,ml_engineer,Intermediate ML Engineer,apis:0;deployment:0;machine_learning:1;model_evaluation:0;python:2;statistics:1,python;statistics,deployment;machine_learning;model_evaluation,2,DataCamp Module Supervised Learning Basics,DataCamp,machine_learning,machine_learning;model_evaluation;python,2,3.0,module,python;statistics,paid,Targeted module for supervised learning workflow and basic model evaluation.,3,3,
G227,data_scientist,Intermediate Data Scientist,data_cleaning:2;data_visualisation:1;machine_learning:1;model_evaluation:0;python:2;sql:2;statistics:2,data_cleaning;python;sql;statistics,machine_learning;model_evaluation,2,Machine Learning Model Evaluation,DataCamp,model_evaluation,machine_learning;model_evaluation;statistics,2,4.0,course,machine_learning,paid,Focused resource on validation metrics cross-validation and model selection.,3,3,
G228,software_developer,Intermediate Software Developer,apis:0;databases:1;oop:1;programming:2;testing:0;version_control:1,databases;programming,apis;oop;testing,2,Mini Project Version-Controlled CLI Tool,YouTube,project,programming;python;testing;version_control,1,3.0,project,python,free,Small project building a command-line tool with Git workflow and simple tests.,2,2,
G229,data_analyst,Intermediate Data Analyst,dashboards:0;data_visualisation:1;excel:2;python:0;sql:1;statistics:1,excel;sql,dashboards;data_cleaning;python,1,Dashboard Design Principles,University Open Course,dashboards,dashboards;data_visualisation,1,2.0,course,,free,Design principles for readable dashboards charts and analytical communication.,3,3,
G230,data_analyst,Beginner Data Analyst,data_cleaning:1;data_visualisation:0;excel:2;python:2;sql:0;statistics:1,excel;python,data_visualisation;sql;statistics,1,Power BI Dashboard Basics,DataCamp,dashboards,dashboards;data_cleaning;data_visualisation,1,5.0,course,,paid,Beginner dashboarding resource using Power BI for business reporting.,3,3,
G231,software_developer,Intermediate Software Developer,apis:0;databases:1;oop:1;programming:2;testing:0;version_control:1,databases;programming,apis;oop;testing,2,Python Software Development,DataCamp,programming,oop;programming;python;testing,2,6.0,course,python,paid,Develop maintainable Python programs using functions classes and testing practices.,3,3,
G232,data_analyst,Advanced Data Analyst,dashboards:0;data_cleaning:0;data_visualisation:1;python:1;sql:1;statistics:0,python;sql,dashboards;data_cleaning;statistics,2,Mini Project Build an Interactive Dashboard,DataCamp,project,dashboards;data_cleaning;data_visualisation,1,3.0,project,data_visualisation,paid,Small dashboard project for turning cleaned data into a simple business report.,3,3,
G233,software_developer,Intermediate Software Developer,apis:0;databases:1;oop:1;programming:2;testing:0;version_control:1,databases;programming,apis;oop;testing,2,Git and GitHub Crash Course,freeCodeCamp,version_control,version_control,1,2.0,video,,free,Practical version control workflow using Git commits branches and GitHub.,2,3,
G234,ml_engineer,Intermediate ML Engineer,apis:0;deployment:0;machine_learning:1;model_evaluation:0;python:2;statistics:1,python;statistics,deployment;machine_learning;model_evaluation,2,Mini Project Deploy a Prediction API,Coursera,project,apis;deployment;machine_learning;python,3,4.0,project,apis;machine_learning;python,paid,Small ML engineering project serving a trained model through an API.,3,2,might be slightly too hard for user but good skills match
G235,ml_engineer,Advanced ML Engineer,apis:1;deployment:0;machine_learning:2;model_evaluation:1;python:2;version_control:1,apis;machine_learning;python,deployment;model_evaluation,3,Deploying Machine Learning APIs,Udemy,deployment,apis;deployment;machine_learning;python,3,8.0,course,apis;machine_learning;python,paid,Build and deploy machine learning prediction services with REST APIs.,3,3,
G236,data_analyst,Advanced Data Analyst,dashboards:0;data_cleaning:0;data_visualisation:1;python:1;sql:1;statistics:0,python;sql,dashboards;data_cleaning;statistics,2,DataCamp Module Statistical Thinking,DataCamp,statistics,statistics,1,3.0,module,,paid,Short statistics module covering distributions uncertainty and analytical reasoning.,3,3,
G237,software_developer,Beginner Software Developer,apis:0;databases:0;oop:0;programming:1;testing:0;version_control:0,programming,apis;databases;oop;testing;version_control,1,Git Branching and Collaboration,Atlassian,version_control,testing;version_control,2,3.0,tutorial,version_control,free,Team workflow with branches pull requests code review and release coordination.,1,3,"too hard for user, lacking prerequisites"
G238,data_scientist,Beginner Data Scientist,data_cleaning:1;data_visualisation:1;machine_learning:0;model_evaluation:0;python:1;sql:1;statistics:0,python;sql,machine_learning;model_evaluation;statistics,1,DataCamp Module Supervised Learning Basics,DataCamp,machine_learning,machine_learning;model_evaluation;python,2,3.0,module,python;statistics,paid,Targeted module for supervised learning workflow and basic model evaluation.,1,3,too hard for user
G239,data_scientist,Beginner Data Scientist,data_cleaning:1;data_visualisation:1;machine_learning:0;model_evaluation:0;python:1;sql:1;statistics:0,python;sql,machine_learning;model_evaluation;statistics,1,StatQuest Precision Recall and ROC Curves,StatQuest,model_evaluation,machine_learning;model_evaluation;statistics,2,1.0,youtube,statistics,free,Optional explainer for classification metrics and model comparison concepts.,1,3,too hard
G240,software_developer,Intermediate Software Developer,apis:0;databases:1;oop:1;programming:2;testing:0;version_control:1,databases;programming,apis;oop;testing,2,Object-Oriented Programming in Java,Coursera,oop,oop;programming,2,10.0,course,programming,paid,Programming course covering classes inheritance encapsulation and object-oriented design.,3,3,
G241,software_developer,Beginner Software Developer,apis:0;databases:0;oop:0;programming:1;testing:0;version_control:0,programming,apis;databases;oop;testing;version_control,1,freeCodeCamp Module API Routes,freeCodeCamp,apis,apis;programming,2,3.0,module,programming,free,Focused backend module for creating API routes and request handlers.,3,3,
G242,data_analyst,Beginner Data Analyst,data_cleaning:1;data_visualisation:0;excel:2;python:2;sql:0;statistics:1,excel;python,data_visualisation;sql;statistics,1,SQL Joins and Aggregations,DataCamp,sql,databases;sql,1,3.0,course,sql,paid,Focused practice on SQL joins grouping filtering and aggregation.,2,3,
G243,software_developer,Intermediate Software Developer,apis:0;databases:1;oop:1;programming:2;testing:0;version_control:1,databases;programming,apis;oop;testing,2,Build a REST API Project,YouTube,apis,apis;databases;programming;testing,2,5.0,project,programming,free,Project-based backend API with routes validation persistence and tests.,3,3,
G244,data_analyst,Intermediate Data Analyst,dashboards:0;data_visualisation:1;excel:2;python:0;sql:1;statistics:1,excel;sql,dashboards;data_cleaning;python,1,Google Data Analytics Foundations,Coursera,data_analytics,data_cleaning;data_visualisation;excel;sql,1,10.0,course,,paid,Foundation course for data analysis process spreadsheets SQL and visual communication.,1,3,"too easy, although skills match"
G245,data_analyst,Advanced Data Analyst,dashboards:0;data_cleaning:0;data_visualisation:1;python:1;sql:1;statistics:0,python;sql,dashboards;data_cleaning;statistics,2,DataCamp Module Tableau Dashboard Layouts,DataCamp,dashboards,dashboards;data_visualisation,1,2.0,module,,paid,Targeted dashboard module for creating readable Tableau dashboard layouts.,3,2,too easy
G246,data_engineer,Beginner Data Engineer,apis:0;data_cleaning:1;databases:0;deployment:0;python:1;sql:1;version_control:0,python;sql,apis;data_cleaning;databases;deployment;version_control,1,Meta Back End Developer Foundations,Coursera,programming,apis;databases;programming;version_control,2,20.0,course,programming,paid,Backend developer pathway topics including version control APIs databases and server development.,3,2,might be too hard but skills match well
G247,data_engineer,Beginner Data Engineer,apis:0;data_cleaning:1;databases:0;deployment:0;python:1;sql:1;version_control:0,python;sql,apis;data_cleaning;databases;deployment;version_control,1,Data Cleaning in SQL and Python,University Open Course,data_cleaning,data_cleaning;python;sql,2,6.0,course,python;sql,free,Cleaning tabular data with SQL transformations and Python preprocessing scripts.,3,3,
G248,software_developer,Beginner Software Developer,apis:0;databases:0;oop:0;programming:1;testing:0;version_control:0,programming,apis;databases;oop;testing;version_control,1,Python Basics for Everybody,freeCodeCamp,python,programming;python,1,7.0,tutorial,,free,Beginner programming tutorial introducing Python syntax functions and basic problem solving.,2,2,user's python skill is unknown
G249,data_scientist,Intermediate Data Scientist,data_cleaning:2;data_visualisation:1;machine_learning:1;model_evaluation:0;python:2;sql:2;statistics:2,data_cleaning;python;sql;statistics,machine_learning;model_evaluation,2,Applied Machine Learning in Python,Coursera,machine_learning,machine_learning;model_evaluation;python,2,12.0,course,python;statistics,paid,Supervised learning workflows with model training validation and evaluation in Python.,3,3,
G250,data_engineer,Intermediate Data Engineer,apis:1;data_cleaning:2;databases:2;deployment:0;programming:1;python:2;sql:2;version_control:1,data_cleaning;databases;python;sql,apis;deployment;version_control,2,Mini Project Deploy a Prediction API,Coursera,project,apis;deployment;machine_learning;python,3,4.0,project,apis;machine_learning;python,paid,Small ML engineering project serving a trained model through an API.,1,3,
G251,data_scientist,Beginner Data Scientist,data_cleaning:1;data_visualisation:1;machine_learning:0;model_evaluation:0;python:1;sql:1;statistics:0,python;sql,machine_learning;model_evaluation;statistics,1,Practical Feature Engineering,Kaggle Learn,machine_learning,data_cleaning;machine_learning;model_evaluation;python,2,4.0,tutorial,python;statistics,free,Hands-on feature engineering for improving machine learning model performance.,3,3,
G252,data_engineer,Beginner Data Engineer,apis:0;data_cleaning:1;databases:0;deployment:0;python:1;sql:1;version_control:0,python;sql,apis;data_cleaning;databases;deployment;version_control,1,DataCamp Module Cleaning Data with pandas,DataCamp,data_cleaning,data_cleaning;python,2,3.0,module,python,paid,Focused module for cleaning missing values duplicates and inconsistent tabular data with pandas.,3,3,
G253,data_engineer,Intermediate Data Engineer,apis:1;data_cleaning:2;databases:2;deployment:0;programming:1;python:2;sql:2;version_control:1,data_cleaning;databases;python;sql,apis;deployment;version_control,2,SQL Tutorial Full Database Course for Beginners,freeCodeCamp,sql,databases;sql,1,4.0,youtube,,free,Optional long-form YouTube explanation for learners who want a beginner-friendly SQL walkthrough.,1,3,too easy
G254,data_scientist,Intermediate Data Scientist,data_cleaning:2;data_visualisation:1;machine_learning:1;model_evaluation:0;python:2;sql:2;statistics:2,data_cleaning;python;sql;statistics,machine_learning;model_evaluation,2,Applied Recommender Systems,Coursera,recommender_systems,machine_learning;model_evaluation;python,3,8.0,course,machine_learning;python,paid,Implement and evaluate similarity-based and model-based recommender systems.,3,3,
G255,data_engineer,Beginner Data Engineer,apis:0;data_cleaning:1;databases:0;deployment:0;python:1;sql:1;version_control:0,python;sql,apis;data_cleaning;databases;deployment;version_control,1,Mini Project Version-Controlled CLI Tool,YouTube,project,programming;python;testing;version_control,1,3.0,project,python,free,Small project building a command-line tool with Git workflow and simple tests.,1,3,
G256,data_scientist,Beginner Data Scientist,data_cleaning:1;data_visualisation:1;machine_learning:0;model_evaluation:0;python:1;sql:1;statistics:0,python;sql,machine_learning;model_evaluation;statistics,1,Python Basics for Everybody,freeCodeCamp,python,programming;python,1,7.0,tutorial,,free,Beginner programming tutorial introducing Python syntax functions and basic problem solving.,1,3,use already has python basics
G257,ml_engineer,Intermediate ML Engineer,apis:0;deployment:0;machine_learning:1;model_evaluation:0;python:2;statistics:1,python;statistics,deployment;machine_learning;model_evaluation,2,Model Monitoring and Drift,University Open Course,model_evaluation,deployment;machine_learning;model_evaluation,3,5.0,course,machine_learning,free,Monitor deployed models and detect performance changes and data drift.,3,2,"might be too hard, a difficulty level of 2 will be just right."
G258,ml_engineer,Intermediate ML Engineer,apis:0;deployment:0;machine_learning:1;model_evaluation:0;python:2;statistics:1,python;statistics,deployment;machine_learning;model_evaluation,2,Deploying Machine Learning APIs,Udemy,deployment,apis;deployment;machine_learning;python,3,8.0,course,apis;machine_learning;python,paid,Build and deploy machine learning prediction services with REST APIs.,3,2,might be too hard
